Fecha,Asiento,Cuenta,Nombre_Cuenta,Tipo_Doc,NIT_Tercero,Razon_Social,Direccion,Dpto,Municipio,Debito,Credito,Concepto;;;;;;;;;;;;;;;
2025-01-15,1001,513550,Servicios de Transporte,NIT,900888111,Alion Transportes S.A.S.,Calle 10 # 5-20,11,11001,2150000,0,Registro servicios transporte - Doc #1001;;;;;;;;;;;;;;;
2025-01-15,1001,236810,ReteICA Actividades de Servicios,NIT,900888111,Alion Transportes S.A.S.,Calle 10 # 5-20,11,11001,0,2150,Retencion ICA ALION 0.1% - Doc #1001;;;;;;;;;;;;;;;
2025-01-15,1001,236525,Retencion Servicios 4%,NIT,900888111,Alion Transportes S.A.S.,Calle 10 # 5-20,11,11001,0,86000,Retencion servicios 4% - Doc #1001;;;;;;;;;;;;;;;
2025-01-20,1002,513550,Servicios de Transporte,NIT,900888222,Holcim Colombia S.A.,Carrera 15 # 30-10,5,5001,1800000,0,Registro servicios transporte - Doc #1002;;;;;;;;;;;;;;;
2025-01-20,1002,236810,ReteICA Actividades de Servicios,NIT,900888222,Holcim Colombia S.A.,Carrera 15 # 30-10,5,5001,0,10800,Retencion ICA HOLCIM 0.6% - Doc #1002;;;;;;;;;;;;;;;
2025-01-20,1002,236525,Retencion Servicios 4%,NIT,900888222,Holcim Colombia S.A.,Carrera 15 # 30-10,5,5001,0,72000,Retencion servicios 4% - Doc #1002;;;;;;;;;;;;;;;
2025-01-25,1003,513550,Servicios de Transporte,NIT,900888333,Incauca S.A.,Calle 8 # 12-45,15,15001,2500000,0,Registro servicios transporte - Doc #1003;;;;;;;;;;;;;;;
2025-01-25,1003,236810,ReteICA Actividades de Servicios,NIT,900888333,Incauca S.A.,Calle 8 # 12-45,15,15001,0,20000,Retencion ICA INCAUCA 0.8% - Doc #1003;;;;;;;;;;;;;;;
2025-01-30,1004,513550,Servicios de Transporte,NIT,900888444,Lactalis Chia Ltda,Av 7 # 18-30,15,15759,3200000,0,Registro servicios transporte - Doc #1004;;;;;;;;;;;;;;;
2025-01-30,1004,236810,ReteICA Actividades de Servicios,NIT,900888444,Lactalis Chia Ltda,Av 7 # 18-30,15,15759,0,22400,Retencion ICA LACTALIS CHIA 0.7% - Doc #1004;;;;;;;;;;;;;;;
2025-02-05,1005,513550,Servicios de Transporte,NIT,900888555,Lactalis Medellin S.A.S.,Calle 50 # 20-15,5,5001,1450000,0,Registro servicios transporte - Doc #1005;;;;;;;;;;;;;;;
2025-02-05,1005,236810,ReteICA Actividades de Servicios,NIT,900888555,Lactalis Medellin S.A.S.,Calle 50 # 20-15,5,5001,0,8700,Retencion ICA LACTALIS MED 0.6% - Doc #1005;;;;;;;;;;;;;;;
2025-02-10,1006,513550,Servicios de Transporte,NIT,900888666,Acerías Paz del Rio S.A.,Calle 22 # 8-50,15,15001,2750000,0,Registro servicios transporte - Doc #1006;;;;;;;;;;;;;;;
2025-02-10,1006,236810,ReteICA Actividades de Servicios,NIT,900888666,Acerías Paz del Rio S.A.,Calle 22 # 8-50,15,15001,0,16500,Retencion ICA ACERÍAS 0.6% - Doc #1006;;;;;;;;;;;;;;;
2025-02-15,1007,513550,Servicios de Transporte,NIT,900888777,Cemex Colombia S.A.,Carrera 30 # 10-60,11,11001,3500000,0,Registro servicios transporte - Doc #1007;;;;;;;;;;;;;;;
2025-02-15,1007,236810,ReteICA Actividades de Servicios,NIT,900888777,Cemex Colombia S.A.,Carrera 30 # 10-60,11,11001,0,16695,Retencion ICA CEMEX 0.477% - Doc #1007;;;;;;;;;;;;;;;
2025-02-20,1008,513550,Servicios de Transporte,NIT,900888778,Cemex Ibagué S.A.,Calle 12 # 5-30,15,15001,2100000,0,Registro servicios transporte - Doc #1008;;;;;;;;;;;;;;;
2025-02-20,1008,236810,ReteICA Actividades de Servicios,NIT,900888778,Cemex Ibagué S.A.,Calle 12 # 5-30,15,15001,0,10017,Retencion ICA CEMEX IBAGUE 0.477% - Doc #1008;;;;;;;;;;;;;;;
2025-02-25,1009,513550,Servicios de Transporte,NIT,900888779,Cemex Maceo S.A.,Calle 8 # 10-40,15,15759,1800000,0,Registro servicios transporte - Doc #1009;;;;;;;;;;;;;;;
2025-02-25,1009,236810,ReteICA Actividades de Servicios,NIT,900888779,Cemex Maceo S.A.,Calle 8 # 10-40,15,15759,0,14400,Retencion ICA CEMEX MACEO 0.8% - Doc #1009;;;;;;;;;;;;;;;
2025-03-02,1010,513550,Servicios de Transporte,NIT,900888780,Duitama Transportes S.A.,Carrera 5 # 20-30,15,15001,4200000,0,Registro servicios transporte - Doc #1010;;;;;;;;;;;;;;;
2025-03-02,1010,236810,ReteICA Actividades de Servicios,NIT,900888780,Duitama Transportes S.A.,Carrera 5 # 20-30,15,15001,0,256200,Retencion ICA DUITAMA 6.1% - Doc #1010;;;;;;;;;;;;;;;
2025-03-08,1011,512010,Arrendamientos Bienes Inmuebles,CC,7173846,ACUÑA DAZA DELIO,Calle 4 # 12-34,15,15001,1200000,0,Registro arrendamiento - Doc #1011;;;;;;;;;;;;;;;
2025-03-08,1011,236530,Retencion Arrendamientos 3.5%,CC,7173846,ACUÑA DAZA DELIO,Calle 4 # 12-34,15,15001,0,42000,Retencion arrendamientos 3.5% - Doc #1011;;;;;;;;;;;;;;;
2025-03-15,1012,511005,Honorarios Asesoria Juridica,CC,80408400,ALARCÓN PLAZAS CARLOS ORLANDO,Carrera 5 # 20-10,15,15001,2500000,0,Registro honorarios - Doc #1012;;;;;;;;;;;;;;;
2025-03-15,1012,236515,Retencion Honorarios 10%,CC,80408400,ALARCÓN PLAZAS CARLOS ORLANDO,Carrera 5 # 20-10,15,15001,0,250000,Retencion honorarios 10% - Doc #1012;;;;;;;;;;;;;;;
2025-03-20,1013,513505,Servicios de Aseo y Vigilancia,CC,7219745,ALONSO BECERRA ALVARO DE JESUS,Diagonal 8 # 15-22,15,15001,850000,0,Registro aseo - Doc #1013;;;;;;;;;;;;;;;
2025-03-20,1013,236525,Retencion Servicios 4%,CC,7219745,ALONSO BECERRA ALVARO DE JESUS,Diagonal 8 # 15-22,15,15001,0,34000,Retencion servicios 4% - Doc #1013;;;;;;;;;;;;;;;
2025-03-25,1014,519525,Elementos de Aseo y Cafeteria,CC,9527897,AMAYA SILVA JAIME ALONSO,Calle 3 # 8-12,15,15001,320000,0,Registro elementos aseo - Doc #1014;;;;;;;;;;;;;;;
2025-04-01,1015,513550,Servicios de Transporte,NIT,900888111,Alion Transportes S.A.S.,Calle 10 # 5-20,11,11001,1950000,0,Registro servicios transporte - Doc #1015;;;;;;;;;;;;;;;
2025-04-01,1015,236810,ReteICA Actividades de Servicios,NIT,900888111,Alion Transportes S.A.S.,Calle 10 # 5-20,11,11001,0,1950,Retencion ICA ALION 0.1% - Doc #1015;;;;;;;;;;;;;;;
2025-04-05,1016,512010,Arrendamientos Bienes Inmuebles,CC,74373834,ALVAREZ PINZON HERNANDO,Calle 6 # 10-45,15,15001,950000,0,Registro arrendamiento - Doc #1016;;;;;;;;;;;;;;;
2025-04-05,1016,236530,Retencion Arrendamientos 3.5%,CC,74373834,ALVAREZ PINZON HERNANDO,Calle 6 # 10-45,15,15001,0,33250,Retencion arrendamientos 3.5% - Doc #1016;;;;;;;;;;;;;;;
2025-04-10,1017,511010,Honorarios Revisoria Fiscal,NIT,901241681,ARANGUREN Y ASOCIADOS SAS ZOMAC,Carrera 7 # 12-30,15,15001,1800000,0,Registro honorarios revisoria - Doc #1017;;;;;;;;;;;;;;;
2025-04-10,1017,236515,Retencion Honorarios 10%,NIT,901241681,ARANGUREN Y ASOCIADOS SAS ZOMAC,Carrera 7 # 12-30,15,15001,0,180000,Retencion honorarios 10% - Doc #1017;;;;;;;;;;;;;;;
2025-04-15,1018,513535,Servicios Mantenimiento y Reparacion,CC,91043340,ARDILA ARDILA ARNULFO,Transversal 2 # 8-10,15,15001,670000,0,Registro mantenimiento - Doc #1018;;;;;;;;;;;;;;;
2025-04-15,1018,236525,Retencion Servicios 4%,CC,91043340,ARDILA ARDILA ARNULFO,Transversal 2 # 8-10,15,15001,0,26800,Retencion servicios 4% - Doc #1018;;;;;;;;;;;;;;;
2025-04-20,1019,513550,Servicios de Transporte,NIT,901406244,ARTAX COLOMBIA SAS.,Calle 12 # 5-25,11,11001,2300000,0,Registro servicios transporte - Doc #1019;;;;;;;;;;;;;;;
2025-04-20,1019,236525,Retencion Servicios 4%,NIT,901406244,ARTAX COLOMBIA SAS.,Calle 12 # 5-25,11,11001,0,92000,Retencion servicios 4% - Doc #1019;;;;;;;;;;;;;;;
2025-04-25,1020,513550,Servicios de Transporte,CC,7178295,AUNTA SUAREZ ARCADIO,Calle 9 # 4-12,15,15001,1550000,0,Registro servicios transporte - Doc #1020;;;;;;;;;;;;;;;
2025-04-25,1020,236525,Retencion Servicios 4%,CC,7178295,AUNTA SUAREZ ARCADIO,Calle 9 # 4-12,15,15001,0,62000,Retencion servicios 4% - Doc #1020;;;;;;;;;;;;;;;
2025-05-02,1021,513550,Servicios de Transporte,NIT,901301935,AVANCE MC SAS,Carrera 11 # 6-30,15,15001,2800000,0,Registro servicios transporte - Doc #1021;;;;;;;;;;;;;;;
2025-05-02,1021,236810,ReteICA Actividades de Servicios,NIT,901301935,AVANCE MC SAS,Carrera 11 # 6-30,15,15001,0,16800,Retencion ICA (0.6%) - Doc #1021;;;;;;;;;;;;;;;
2025-05-02,1021,236525,Retencion Servicios 4%,NIT,901301935,AVANCE MC SAS,Carrera 11 # 6-30,15,15001,0,112000,Retencion servicios 4% - Doc #1021;;;;;;;;;;;;;;;
2025-05-08,1022,512010,Arrendamientos Bienes Inmuebles,CC,5462976,BASTO MORA LUIS ALFREDO,Calle 1 # 2-15,15,15001,1100000,0,Registro arrendamiento - Doc #1022;;;;;;;;;;;;;;;
2025-05-08,1022,236530,Retencion Arrendamientos 3.5%,CC,5462976,BASTO MORA LUIS ALFREDO,Calle 1 # 2-15,15,15001,0,38500,Retencion arrendamientos 3.5% - Doc #1022;;;;;;;;;;;;;;;
2025-05-12,1023,511005,Honorarios Asesoria Juridica,CC,80295165,BARRANTES RIAÑO JOSE FRANCISCO,Calle 8 # 14-20,15,15001,3200000,0,Registro honorarios - Doc #1023;;;;;;;;;;;;;;;
2025-05-12,1023,236515,Retencion Honorarios 10%,CC,80295165,BARRANTES RIAÑO JOSE FRANCISCO,Calle 8 # 14-20,15,15001,0,320000,Retencion honorarios 10% - Doc #1023;;;;;;;;;;;;;;;
2025-05-18,1024,513505,Servicios de Aseo y Vigilancia,CC,74188580,BARRERA BARRERA LUIS ALBERTO,Calle 5 # 10-18,15,15001,650000,0,Registro aseo - Doc #1024;;;;;;;;;;;;;;;
2025-05-18,1024,236525,Retencion Servicios 4%,CC,74188580,BARRERA BARRERA LUIS ALBERTO,Calle 5 # 10-18,15,15001,0,26000,Retencion servicios 4% - Doc #1024;;;;;;;;;;;;;;;
2025-05-25,1025,513550,Servicios de Transporte,NIT,900888222,Holcim Colombia S.A.,Carrera 15 # 30-10,5,5001,2200000,0,Registro servicios transporte - Doc #1025;;;;;;;;;;;;;;;
2025-05-25,1025,236810,ReteICA Actividades de Servicios,NIT,900888222,Holcim Colombia S.A.,Carrera 15 # 30-10,5,5001,0,13200,Retencion ICA HOLCIM 0.6% - Doc #1025;;;;;;;;;;;;;;;
2025-06-01,1026,512010,Arrendamientos Bienes Inmuebles,CC,79799502,BECERRA CAMARGO OSCAR JAVIER,Carrera 3 # 5-12,15,15001,980000,0,Registro arrendamiento - Doc #1026;;;;;;;;;;;;;;;
2025-06-01,1026,236530,Retencion Arrendamientos 3.5%,CC,79799502,BECERRA CAMARGO OSCAR JAVIER,Carrera 3 # 5-12,15,15001,0,34300,Retencion arrendamientos 3.5% - Doc #1026;;;;;;;;;;;;;;;
2025-06-06,1027,511005,Honorarios Asesoria Juridica,CC,1002461629,BECERRA CORREDOR WILMAN DANILO,Calle 12 # 6-15,15,15001,2700000,0,Registro honorarios - Doc #1027;;;;;;;;;;;;;;;
2025-06-06,1027,236515,Retencion Honorarios 10%,CC,1002461629,BECERRA CORREDOR WILMAN DANILO,Calle 12 # 6-15,15,15001,0,270000,Retencion honorarios 10% - Doc #1027;;;;;;;;;;;;;;;
2025-06-12,1028,513535,Servicios Mantenimiento y Reparacion,CC,1052407477,BECERRA CHACON IVAN DARIO,Calle 7 # 9-18,15,15001,540000,0,Registro mantenimiento - Doc #1028;;;;;;;;;;;;;;;
2025-06-12,1028,236525,Retencion Servicios 4%,CC,1052407477,BECERRA CHACON IVAN DARIO,Calle 7 # 9-18,15,15001,0,21600,Retencion servicios 4% - Doc #1028;;;;;;;;;;;;;;;
2025-06-18,1029,513550,Servicios de Transporte,NIT,1002528304,BECERRA CUEVAS MARIA JULIANA,Calle 2 # 4-10,15,15001,1750000,0,Registro servicios transporte - Doc #1029;;;;;;;;;;;;;;;
2025-06-18,1029,236525,Retencion Servicios 4%,NIT,1002528304,BECERRA CUEVAS MARIA JULIANA,Calle 2 # 4-10,15,15001,0,70000,Retencion servicios 4% - Doc #1029;;;;;;;;;;;;;;;
2025-06-25,1030,513550,Servicios de Transporte,NIT,900888333,Incauca S.A.,Calle 8 # 12-45,15,15001,2600000,0,Registro servicios transporte - Doc #1030;;;;;;;;;;;;;;;
2025-06-25,1030,236810,ReteICA Actividades de Servicios,NIT,900888333,Incauca S.A.,Calle 8 # 12-45,15,15001,0,20800,Retencion ICA INCAUCA 0.8% - Doc #1030;;;;;;;;;;;;;;;
2025-07-01,1031,512010,Arrendamientos Bienes Inmuebles,CC,1052389095,BECERRA DIAZ LUIS ALBEIRO,Calle 10 # 3-8,15,15001,1300000,0,Registro arrendamiento - Doc #1031;;;;;;;;;;;;;;;
2025-07-01,1031,236530,Retencion Arrendamientos 3.5%,CC,1052389095,BECERRA DIAZ LUIS ALBEIRO,Calle 10 # 3-8,15,15001,0,45500,Retencion arrendamientos 3.5% - Doc #1031;;;;;;;;;;;;;;;
2025-07-06,1032,511010,Honorarios Revisoria Fiscal,CC,46453866,BECERRA DIAZ SONIA LILIANA,Carrera 9 # 12-30,15,15001,2100000,0,Registro honorarios revisoria - Doc #1032;;;;;;;;;;;;;;;
2025-07-06,1032,236515,Retencion Honorarios 10%,CC,46453866,BECERRA DIAZ SONIA LILIANA,Carrera 9 # 12-30,15,15001,0,210000,Retencion honorarios 10% - Doc #1032;;;;;;;;;;;;;;;
2025-07-12,1033,513505,Servicios de Aseo y Vigilancia,NIT,901241683,BECERRA DIAZ Y ASOCIADOS SAS ZOMAC,Calle 4 # 5-20,15,15001,750000,0,Registro aseo - Doc #1033;;;;;;;;;;;;;;;
2025-07-12,1033,236525,Retencion Servicios 4%,NIT,901241683,BECERRA DIAZ Y ASOCIADOS SAS ZOMAC,Calle 4 # 5-20,15,15001,0,30000,Retencion servicios 4% - Doc #1033;;;;;;;;;;;;;;;
2025-07-18,1034,513550,Servicios de Transporte,NIT,74379524,BECERRA FONSECA FREDY RAUL,Calle 6 # 12-24,15,15001,1900000,0,Registro servicios transporte - Doc #1034;;;;;;;;;;;;;;;
2025-07-18,1034,236525,Retencion Servicios 4%,NIT,74379524,BECERRA FONSECA FREDY RAUL,Calle 6 # 12-24,15,15001,0,76000,Retencion servicios 4% - Doc #1034;;;;;;;;;;;;;;;
2025-07-25,1035,513550,Servicios de Transporte,NIT,900888444,Lactalis Chia Ltda,Av 7 # 18-30,15,15759,3350000,0,Registro servicios transporte - Doc #1035;;;;;;;;;;;;;;;
2025-07-25,1035,236810,ReteICA Actividades de Servicios,NIT,900888444,Lactalis Chia Ltda,Av 7 # 18-30,15,15759,0,23450,Retencion ICA LACTALIS CHIA 0.7% - Doc #1035;;;;;;;;;;;;;;;
2025-08-01,1036,512010,Arrendamientos Bienes Inmuebles,CC,46454084,BECERRA FONSECA MARTHA ROCIO,Calle 15 # 8-12,15,15001,1050000,0,Registro arrendamiento - Doc #1036;;;;;;;;;;;;;;;
2025-08-01,1036,236530,Retencion Arrendamientos 3.5%,CC,46454084,BECERRA FONSECA MARTHA ROCIO,Calle 15 # 8-12,15,15001,0,36750,Retencion arrendamientos 3.5% - Doc #1036;;;;;;;;;;;;;;;
2025-08-06,1037,511005,Honorarios Asesoria Juridica,CC,74379750,BECERRA GUECHA WILMAN ALONSO,Calle 5 # 8-18,15,15001,2800000,0,Registro honorarios - Doc #1037;;;;;;;;;;;;;;;
2025-08-06,1037,236515,Retencion Honorarios 10%,CC,74379750,BECERRA GUECHA WILMAN ALONSO,Calle 5 # 8-18,15,15001,0,280000,Retencion honorarios 10% - Doc #1037;;;;;;;;;;;;;;;
2025-08-12,1038,513535,Servicios Mantenimiento y Reparacion,CC,1052385216,BECERRA JIMENEZ EDGAR MOISES,Carrera 12 # 4-10,15,15001,620000,0,Registro mantenimiento - Doc #1038;;;;;;;;;;;;;;;
2025-08-12,1038,236525,Retencion Servicios 4%,CC,1052385216,BECERRA JIMENEZ EDGAR MOISES,Carrera 12 # 4-10,15,15001,0,24800,Retencion servicios 4% - Doc #1038;;;;;;;;;;;;;;;
2025-08-18,1039,513550,Servicios de Transporte,NIT,74382319,BECERRA JIMENEZ EDWIN GONZALO,Calle 14 # 6-22,15,15001,2050000,0,Registro servicios transporte - Doc #1039;;;;;;;;;;;;;;;
2025-08-18,1039,236525,Retencion Servicios 4%,NIT,74382319,BECERRA JIMENEZ EDWIN GONZALO,Calle 14 # 6-22,15,15001,0,82000,Retencion servicios 4% - Doc #1039;;;;;;;;;;;;;;;
2025-08-25,1040,513550,Servicios de Transporte,NIT,900888555,Lactalis Medellin S.A.S.,Calle 50 # 20-15,5,5001,1650000,0,Registro servicios transporte - Doc #1040;;;;;;;;;;;;;;;
2025-08-25,1040,236810,ReteICA Actividades de Servicios,NIT,900888555,Lactalis Medellin S.A.S.,Calle 50 # 20-15,5,5001,0,9900,Retencion ICA LACTALIS MED 0.6% - Doc #1040;;;;;;;;;;;;;;;
2025-09-01,1041,512010,Arrendamientos Bienes Inmuebles,CC,74378859,BECERRA JIMENEZ GERMAN YOVANNY,Calle 18 # 5-12,15,15001,1150000,0,Registro arrendamiento - Doc #1041;;;;;;;;;;;;;;;
2025-09-01,1041,236530,Retencion Arrendamientos 3.5%,CC,74378859,BECERRA JIMENEZ GERMAN YOVANNY,Calle 18 # 5-12,15,15001,0,40250,Retencion arrendamientos 3.5% - Doc #1041;;;;;;;;;;;;;;;
2025-09-06,1042,511010,Honorarios Revisoria Fiscal,CC,1052405817,BECERRA JIMENEZ JONATHAN ALFREDO,Calle 12 # 10-15,15,15001,2300000,0,Registro honorarios revisoria - Doc #1042;;;;;;;;;;;;;;;
2025-09-06,1042,236515,Retencion Honorarios 10%,CC,1052405817,BECERRA JIMENEZ JONATHAN ALFREDO,Calle 12 # 10-15,15,15001,0,230000,Retencion honorarios 10% - Doc #1042;;;;;;;;;;;;;;;
2025-09-12,1043,513505,Servicios de Aseo y Vigilancia,CC,23545682,BECERRA LOPEZ MARIA DEL CARMEN,Calle 7 # 14-28,15,15001,680000,0,Registro aseo - Doc #1043;;;;;;;;;;;;;;;
2025-09-12,1043,236525,Retencion Servicios 4%,CC,23545682,BECERRA LOPEZ MARIA DEL CARMEN,Calle 7 # 14-28,15,15001,0,27200,Retencion servicios 4% - Doc #1043;;;;;;;;;;;;;;;
2025-09-18,1044,513550,Servicios de Transporte,NIT,7223870,BECERRA LOPEZ MILTON LEONEL,Calle 3 # 10-20,15,15001,2250000,0,Registro servicios transporte - Doc #1044;;;;;;;;;;;;;;;
2025-09-18,1044,236525,Retencion Servicios 4%,NIT,7223870,BECERRA LOPEZ MILTON LEONEL,Calle 3 # 10-20,15,15001,0,90000,Retencion servicios 4% - Doc #1044;;;;;;;;;;;;;;;
2025-09-25,1045,513550,Servicios de Transporte,NIT,900888666,Acerías Paz del Rio S.A.,Calle 22 # 8-50,15,15001,2850000,0,Registro servicios transporte - Doc #1045;;;;;;;;;;;;;;;
2025-09-25,1045,236810,ReteICA Actividades de Servicios,NIT,900888666,Acerías Paz del Rio S.A.,Calle 22 # 8-50,15,15001,0,17100,Retencion ICA ACERÍAS 0.6% - Doc #1045;;;;;;;;;;;;;;;
2025-10-01,1046,512010,Arrendamientos Bienes Inmuebles,CC,7222110,BECERRA SOSA ERNESTO,Calle 20 # 3-12,15,15001,1250000,0,Registro arrendamiento - Doc #1046;;;;;;;;;;;;;;;
2025-10-01,1046,236530,Retencion Arrendamientos 3.5%,CC,7222110,BECERRA SOSA ERNESTO,Calle 20 # 3-12,15,15001,0,43750,Retencion arrendamientos 3.5% - Doc #1046;;;;;;;;;;;;;;;
2025-10-06,1047,511005,Honorarios Asesoria Juridica,NIT,901239832,BECERRA SOSA Y ASOCIADOS SAS ZOMAC,Carrera 4 # 8-16,15,15001,3000000,0,Registro honorarios - Doc #1047;;;;;;;;;;;;;;;
2025-10-06,1047,236515,Retencion Honorarios 10%,NIT,901239832,BECERRA SOSA Y ASOCIADOS SAS ZOMAC,Carrera 4 # 8-16,15,15001,0,300000,Retencion honorarios 10% - Doc #1047;;;;;;;;;;;;;;;
2025-10-12,1048,513535,Servicios Mantenimiento y Reparacion,NIT,901783159,BECO LOGISTICA S A S,Av 2 # 3-10,15,15001,710000,0,Registro mantenimiento - Doc #1048;;;;;;;;;;;;;;;
2025-10-12,1048,236525,Retencion Servicios 4%,NIT,901783159,BECO LOGISTICA S A S,Av 2 # 3-10,15,15001,0,28400,Retencion servicios 4% - Doc #1048;;;;;;;;;;;;;;;
2025-10-18,1049,513550,Servicios de Transporte,CC,91462475,BLANCO JAIMES JOSE DEL CARMEN,Calle 15 # 2-8,15,15001,1950000,0,Registro servicios transporte - Doc #1049;;;;;;;;;;;;;;;
2025-10-18,1049,236525,Retencion Servicios 4%,CC,91462475,BLANCO JAIMES JOSE DEL CARMEN,Calle 15 # 2-8,15,15001,0,78000,Retencion servicios 4% - Doc #1049;;;;;;;;;;;;;;;
2025-10-25,1050,513550,Servicios de Transporte,NIT,900888777,Cemex Colombia S.A.,Carrera 30 # 10-60,11,11001,3700000,0,Registro servicios transporte - Doc #1050;;;;;;;;;;;;;;;
2025-10-25,1050,236810,ReteICA Actividades de Servicios,NIT,900888777,Cemex Colombia S.A.,Carrera 30 # 10-60,11,11001,0,17649,Retencion ICA CEMEX 0.477% - Doc #1050;;;;;;;;;;;;;;;
2025-11-01,1051,512010,Arrendamientos Bienes Inmuebles,CC,74359520,BRAVO JIMENEZ OSCAR ARIEL,Calle 10 # 6-15,15,15001,1080000,0,Registro arrendamiento - Doc #1051;;;;;;;;;;;;;;;
2025-11-01,1051,236530,Retencion Arrendamientos 3.5%,CC,74359520,BRAVO JIMENEZ OSCAR ARIEL,Calle 10 # 6-15,15,15001,0,37800,Retencion arrendamientos 3.5% - Doc #1051;;;;;;;;;;;;;;;
2025-11-06,1052,511010,Honorarios Revisoria Fiscal,CC,1061530,CALDERON MONTAÑEZ LUIS ANTONIO,Calle 8 # 4-10,15,15001,2200000,0,Registro honorarios revisoria - Doc #1052;;;;;;;;;;;;;;;
2025-11-06,1052,236515,Retencion Honorarios 10%,CC,1061530,CALDERON MONTAÑEZ LUIS ANTONIO,Calle 8 # 4-10,15,15001,0,220000,Retencion honorarios 10% - Doc #1052;;;;;;;;;;;;;;;
2025-11-12,1053,513505,Servicios de Aseo y Vigilancia,CC,1052386248,CAMARGO DIAZ HOLMAN GUILLERMO,Calle 2 # 9-12,15,15001,720000,0,Registro aseo - Doc #1053;;;;;;;;;;;;;;;
2025-11-12,1053,236525,Retencion Servicios 4%,CC,1052386248,CAMARGO DIAZ HOLMAN GUILLERMO,Calle 2 # 9-12,15,15001,0,28800,Retencion servicios 4% - Doc #1053;;;;;;;;;;;;;;;
2025-11-18,1054,513550,Servicios de Transporte,NIT,74300204,CAMARGO GOMEZ GUILLERMO,Calle 12 # 5-20,15,15001,2400000,0,Registro servicios transporte - Doc #1054;;;;;;;;;;;;;;;
2025-11-18,1054,236525,Retencion Servicios 4%,NIT,74300204,CAMARGO GOMEZ GUILLERMO,Calle 12 # 5-20,15,15001,0,96000,Retencion servicios 4% - Doc #1054;;;;;;;;;;;;;;;
2025-11-25,1055,513550,Servicios de Transporte,NIT,900888778,Cemex Ibagué S.A.,Calle 12 # 5-30,15,15001,2550000,0,Registro servicios transporte - Doc #1055;;;;;;;;;;;;;;;
2025-11-25,1055,236810,ReteICA Actividades de Servicios,NIT,900888778,Cemex Ibagué S.A.,Calle 12 # 5-30,15,15001,0,12163.5,Retencion ICA CEMEX IBAGUE 0.477% - Doc #1055;;;;;;;;;;;;;;;
2025-12-01,1056,512010,Arrendamientos Bienes Inmuebles,CC,7228065,CAMARGO GONZALEZ OSCAR MAURICIO,Calle 18 # 7-12,15,15001,1120000,0,Registro arrendamiento - Doc #1056;;;;;;;;;;;;;;;
2025-12-01,1056,236530,Retencion Arrendamientos 3.5%,CC,7228065,CAMARGO GONZALEZ OSCAR MAURICIO,Calle 18 # 7-12,15,15001,0,39200,Retencion arrendamientos 3.5% - Doc #1056;;;;;;;;;;;;;;;
2025-12-06,1057,511005,Honorarios Asesoria Juridica,CC,74360715,CANO LEGUIZAMON JOSE EUTIMIO,Calle 4 # 6-15,15,15001,2600000,0,Registro honorarios - Doc #1057;;;;;;;;;;;;;;;
2025-12-06,1057,236515,Retencion Honorarios 10%,CC,74360715,CANO LEGUIZAMON JOSE EUTIMIO,Calle 4 # 6-15,15,15001,0,260000,Retencion honorarios 10% - Doc #1057;;;;;;;;;;;;;;;
2025-12-12,1058,513535,Servicios Mantenimiento y Reparacion,CC,43634738,CANO ROLDAN SILVIA AURORA,Calle 12 # 3-10,15,15001,590000,0,Registro mantenimiento - Doc #1058;;;;;;;;;;;;;;;
2025-12-12,1058,236525,Retencion Servicios 4%,CC,43634738,CANO ROLDAN SILVIA AURORA,Calle 12 # 3-10,15,15001,0,23600,Retencion servicios 4% - Doc #1058;;;;;;;;;;;;;;;
2025-12-18,1059,513550,Servicios de Transporte,NIT,11410434,CARRILLO HERNANDEZ OMAR ALFONSO,Calle 5 # 10-20,15,15001,2100000,0,Registro servicios transporte - Doc #1059;;;;;;;;;;;;;;;
2025-12-18,1059,236525,Retencion Servicios 4%,NIT,11410434,CARRILLO HERNANDEZ OMAR ALFONSO,Calle 5 # 10-20,15,15001,0,84000,Retencion servicios 4% - Doc #1059;;;;;;;;;;;;;;;
2025-12-25,1060,513550,Servicios de Transporte,NIT,900888779,Cemex Maceo S.A.,Calle 8 # 10-40,15,15759,2350000,0,Registro servicios transporte - Doc #1060;;;;;;;;;;;;;;;
2025-12-25,1060,236810,ReteICA Actividades de Servicios,NIT,900888779,Cemex Maceo S.A.,Calle 8 # 10-40,15,15759,0,18800,Retencion ICA CEMEX MACEO 0.8% - Doc #1060;;;;;;;;;;;;;;;
2025-01-10,1061,413505,Venta de Mercancias / Productos,NIT,900123456,Sistemas y Soluciones S.A.S.,Carrera 10 # 20-30,15,15001,0,1500000,Registro venta - Doc #1061;;;;;;;;;;;;;;;
2025-01-10,1061,130505,Clientes Nacionales,NIT,900123456,Sistemas y Soluciones S.A.S.,Carrera 10 # 20-30,15,15001,1500000,0,Registro cliente - Doc #1061;;;;;;;;;;;;;;;
2025-01-18,1062,417005,Devoluciones en Ventas,NIT,900555444,Transportes Express Boyaca Ltda,Av Las Villas # 2-10,15,15759,0,320000,Registro devolución - Doc #1062;;;;;;;;;;;;;;;
2025-01-18,1062,130505,Clientes Nacionales,NIT,900555444,Transportes Express Boyaca Ltda,Av Las Villas # 2-10,15,15759,320000,0,Registro cliente - Doc #1062;;;;;;;;;;;;;;;
2025-02-02,1063,515305,Intereses y Gastos Financieros,NIT,890900120,Bancolombia S.A.,Calle 50 # 51-66,5,5001,450000,0,Registro intereses - Doc #1063;;;;;;;;;;;;;;;
2025-02-02,1063,236525,Retencion Servicios 4%,NIT,890900120,Bancolombia S.A.,Calle 50 # 51-66,5,5001,0,18000,Retencion servicios 4% - Doc #1063;;;;;;;;;;;;;;;
2025-02-14,1064,421005,Ingresos Financieros Intereses,NIT,830111222,Aseo y Servicios Generales S.A.S.,Calle 22 # 5-30,11,11001,0,280000,Registro ingresos financieros - Doc #1064;;;;;;;;;;;;;;;
2025-02-14,1064,130505,Clientes Nacionales,NIT,830111222,Aseo y Servicios Generales S.A.S.,Calle 22 # 5-30,11,11001,280000,0,Registro cliente - Doc #1064;;;;;;;;;;;;;;;
2025-03-05,1065,519530,Utiles Papeleria y Fotocopias,NIT,800987654,Insumos Industriales Ltda,Av Central # 5-12,11,11001,340000,0,Registro utiles - Doc #1065;;;;;;;;;;;;;;;
2025-03-05,1065,236525,Retencion Servicios 4%,NIT,800987654,Insumos Industriales Ltda,Av Central # 5-12,11,11001,0,13600,Retencion servicios 4% - Doc #1065;;;;;;;;;;;;;;;
2025-03-22,1066,519525,Elementos de Aseo y Cafeteria,CC,41920304,Ana Lucia Benitez,Calle 9 # 15-40,15,15001,180000,0,Registro elementos aseo - Doc #1066;;;;;;;;;;;;;;;
2025-04-08,1067,512010,Arrendamientos Bienes Inmuebles,NIT,901345678,Inmobiliaria Boyaca S.A.S.,Calle 18 # 11-05,15,15001,1500000,0,Registro arrendamiento - Doc #1067;;;;;;;;;;;;;;;
2025-04-08,1067,236530,Retencion Arrendamientos 3.5%,NIT,901345678,Inmobiliaria Boyaca S.A.S.,Calle 18 # 11-05,15,15001,0,52500,Retencion arrendamientos 3.5% - Doc #1067;;;;;;;;;;;;;;;
2025-04-28,1068,511005,Honorarios Asesoria Juridica,NIT,860002130,Seguros del Estado S.A.,Carrera 7 # 26-20,11,11001,2200000,0,Registro honorarios - Doc #1068;;;;;;;;;;;;;;;
2025-04-28,1068,236515,Retencion Honorarios 10%,NIT,860002130,Seguros del Estado S.A.,Carrera 7 # 26-20,11,11001,0,220000,Retencion honorarios 10% - Doc #1068;;;;;;;;;;;;;;;
2025-05-15,1069,513550,Servicios de Transporte,NIT,900555444,Transportes Express Boyaca Ltda,Av Las Villas # 2-10,15,15759,1800000,0,Registro servicios transporte - Doc #1069;;;;;;;;;;;;;;;
2025-05-15,1069,236525,Retencion Servicios 4%,NIT,900555444,Transportes Express Boyaca Ltda,Av Las Villas # 2-10,15,15759,0,72000,Retencion servicios 4% - Doc #1069;;;;;;;;;;;;;;;
2025-06-03,1070,513535,Servicios Mantenimiento y Reparacion,NIT,900123456,Sistemas y Soluciones S.A.S.,Carrera 10 # 20-30,15,15001,890000,0,Registro mantenimiento - Doc #1070;;;;;;;;;;;;;;;
2025-06-03,1070,236525,Retencion Servicios 4%,NIT,900123456,Sistemas y Soluciones S.A.S.,Carrera 10 # 20-30,15,15001,0,35600,Retencion servicios 4% - Doc #1070;;;;;;;;;;;;;;;
2025-06-20,1071,513505,Servicios de Aseo y Vigilancia,NIT,830111222,Aseo y Servicios Generales S.A.S.,Calle 22 # 5-30,11,11001,620000,0,Registro aseo - Doc #1071;;;;;;;;;;;;;;;
2025-06-20,1071,236525,Retencion Servicios 4%,NIT,830111222,Aseo y Servicios Generales S.A.S.,Calle 22 # 5-30,11,11001,0,24800,Retencion servicios 4% - Doc #1071;;;;;;;;;;;;;;;
2025-07-10,1072,413505,Venta de Mercancias / Productos,CC,1049222333,Carlos Perez Ruiz,Calle 12 # 4-50,15,15001,0,2200000,Registro venta - Doc #1072;;;;;;;;;;;;;;;
2025-07-10,1072,130505,Clientes Nacionales,CC,1049222333,Carlos Perez Ruiz,Calle 12 # 4-50,15,15001,2200000,0,Registro cliente - Doc #1072;;;;;;;;;;;;;;;
2025-07-28,1073,417005,Devoluciones en Ventas,NIT,890900120,Bancolombia S.A.,Calle 50 # 51-66,5,5001,0,150000,Registro devolución - Doc #1073;;;;;;;;;;;;;;;
2025-07-28,1073,130505,Clientes Nacionales,NIT,890900120,Bancolombia S.A.,Calle 50 # 51-66,5,5001,150000,0,Registro cliente - Doc #1073;;;;;;;;;;;;;;;
2025-08-09,1074,515305,Intereses y Gastos Financieros,CC,79845123,Maria Fernanda Gomez,Transversal 4 # 18-22,15,15759,320000,0,Registro intereses - Doc #1074;;;;;;;;;;;;;;;
2025-08-09,1074,236525,Retencion Servicios 4%,CC,79845123,Maria Fernanda Gomez,Transversal 4 # 18-22,15,15759,0,12800,Retencion servicios 4% - Doc #1074;;;;;;;;;;;;;;;
2025-08-22,1075,421005,Ingresos Financieros Intereses,NIT,800987654,Insumos Industriales Ltda,Av Central # 5-12,11,11001,0,210000,Registro ingresos financieros - Doc #1075;;;;;;;;;;;;;;;
2025-08-22,1075,130505,Clientes Nacionales,NIT,800987654,Insumos Industriales Ltda,Av Central # 5-12,11,11001,210000,0,Registro cliente - Doc #1075;;;;;;;;;;;;;;;
2025-09-04,1076,519530,Utiles Papeleria y Fotocopias,CC,1049888777,David Ricardo Morales,Carrera 14 # 8-12,15,15001,275000,0,Registro utiles - Doc #1076;;;;;;;;;;;;;;;
2025-09-04,1076,236525,Retencion Servicios 4%,CC,1049888777,David Ricardo Morales,Carrera 14 # 8-12,15,15001,0,11000,Retencion servicios 4% - Doc #1076;;;;;;;;;;;;;;;
2025-09-19,1077,512010,Arrendamientos Bienes Inmuebles,NIT,900555444,Transportes Express Boyaca Ltda,Av Las Villas # 2-10,15,15759,1400000,0,Registro arrendamiento - Doc #1077;;;;;;;;;;;;;;;
2025-09-19,1077,236530,Retencion Arrendamientos 3.5%,NIT,900555444,Transportes Express Boyaca Ltda,Av Las Villas # 2-10,15,15759,0,49000,Retencion arrendamientos 3.5% - Doc #1077;;;;;;;;;;;;;;;
2025-10-04,1078,511005,Honorarios Asesoria Juridica,CC,1052345678,Jorge Eliecer Silva,Diagonal 5 # 10-15,15,15001,1900000,0,Registro honorarios - Doc #1078;;;;;;;;;;;;;;;
2025-10-04,1078,236515,Retencion Honorarios 10%,CC,1052345678,Jorge Eliecer Silva,Diagonal 5 # 10-15,15,15001,0,190000,Retencion honorarios 10% - Doc #1078;;;;;;;;;;;;;;;
2025-10-17,1079,513550,Servicios de Transporte,NIT,901345678,Inmobiliaria Boyaca S.A.S.,Calle 18 # 11-05,15,15001,2050000,0,Registro servicios transporte - Doc #1079;;;;;;;;;;;;;;;
2025-10-17,1079,236525,Retencion Servicios 4%,NIT,901345678,Inmobiliaria Boyaca S.A.S.,Calle 18 # 11-05,15,15001,0,82000,Retencion servicios 4% - Doc #1079;;;;;;;;;;;;;;;
2025-11-03,1080,513535,Servicios Mantenimiento y Reparacion,NIT,860002130,Seguros del Estado S.A.,Carrera 7 # 26-20,11,11001,740000,0,Registro mantenimiento - Doc #1080;;;;;;;;;;;;;;;
2025-11-03,1080,236525,Retencion Servicios 4%,NIT,860002130,Seguros del Estado S.A.,Carrera 7 # 26-20,11,11001,0,29600,Retencion servicios 4% - Doc #1080;;;;;;;;;;;;;;;
2025-11-20,1081,513505,Servicios de Aseo y Vigilancia,NIT,900123456,Sistemas y Soluciones S.A.S.,Carrera 10 # 20-30,15,15001,580000,0,Registro aseo - Doc #1081;;;;;;;;;;;;;;;
2025-11-20,1081,236525,Retencion Servicios 4%,NIT,900123456,Sistemas y Soluciones S.A.S.,Carrera 10 # 20-30,15,15001,0,23200,Retencion servicios 4% - Doc #1081;;;;;;;;;;;;;;;
2025-12-05,1082,413505,Venta de Mercancias / Productos,NIT,890900120,Bancolombia S.A.,Calle 50 # 51-66,5,5001,0,3100000,Registro venta - Doc #1082;;;;;;;;;;;;;;;
2025-12-05,1082,130505,Clientes Nacionales,NIT,890900120,Bancolombia S.A.,Calle 50 # 51-66,5,5001,3100000,0,Registro cliente - Doc #1082;;;;;;;;;;;;;;;
2025-01-12,1083,236535,ReteIVA Servicios 15%,NIT,900555666,Servicios Integrales Colombia,Calle 50 # 14-22,11,11001,0,82500,Retencion IVA servicios 15% - Doc #1083;;;;;;;;;;;;;;;
2025-02-18,1084,236536,ReteIVA Bienes 15%,NIT,900555666,Servicios Integrales Colombia,Calle 50 # 14-22,11,11001,0,112500,Retencion IVA bienes 15% - Doc #1084;;;;;;;;;;;;;;;
2025-03-10,1085,236537,ReteIVA Honorarios 15%,NIT,901999888,Comercializadora del Norte,Cra 5 # 10-10,68,68001,0,45000,Retencion IVA honorarios 15% - Doc #1085;;;;;;;;;;;;;;;
2025-04-14,1086,236805,ReteICA Actividades Comerciales,NIT,900123456,Sistemas y Soluciones S.A.S.,Carrera 10 # 20-30,15,15001,0,8250,Retencion ICA comercial 0.33% - Doc #1086;;;;;;;;;;;;;;;
2025-05-20,1087,236815,ReteICA Actividades Industriales,NIT,901999888,Comercializadora del Norte,Cra 5 # 10-10,68,68001,0,16500,Retencion ICA industrial 0.33% - Doc #1087;;;;;;;;;;;;;;;
2025-06-15,1088,236810,ReteICA Actividades de Servicios,NIT,860002130,Seguros del Estado S.A.,Carrera 7 # 26-20,11,11001,0,11220,Retencion ICA servicios 0.33% - Doc #1088;;;;;;;;;;;;;;;
2025-07-25,1089,236535,ReteIVA Servicios 15%,NIT,901345678,Inmobiliaria Boyaca S.A.S.,Calle 18 # 11-05,15,15001,0,22500,Retencion IVA servicios - Doc #1089;;;;;;;;;;;;;;;
2025-08-30,1090,236536,ReteIVA Bienes 15%,NIT,800987654,Insumos Industriales Ltda,Av Central # 5-12,11,11001,0,36000,Retencion IVA bienes - Doc #1090;;;;;;;;;;;;;;;
2025-09-12,1091,236537,ReteIVA Honorarios 15%,NIT,900123456,Sistemas y Soluciones S.A.S.,Carrera 10 # 20-30,15,15001,0,51000,Retencion IVA honorarios - Doc #1091;;;;;;;;;;;;;;;
2025-10-05,1092,236805,ReteICA Actividades Comerciales,NIT,830111222,Aseo y Servicios Generales S.A.S.,Calle 22 # 5-30,11,11001,0,9900,Retencion ICA comercial - Doc #1092;;;;;;;;;;;;;;;
2025-11-08,1093,236815,ReteICA Actividades Industriales,NIT,901345678,Inmobiliaria Boyaca S.A.S.,Calle 18 # 11-05,15,15001,0,13200,Retencion ICA industrial - Doc #1093;;;;;;;;;;;;;;;
2025-12-02,1094,236810,ReteICA Actividades de Servicios,NIT,900555444,Transportes Express Boyaca Ltda,Av Las Villas # 2-10,15,15759,0,10560,Retencion ICA servicios - Doc #1094;;;;;;;;;;;;;;;
2025-01-05,5001,513550,Servicios de Transporte,NIT,900888111,Alion Transportes S.A.S.,Calle 10 # 5-20,11,11001,2150000.00,0.00,Registro contable servicios transporte - Doc #1001;;;;;;;;;;;;;;;
2025-01-05,5001,236810,ReteICA Actividades de Servicios,NIT,900888111,Alion Transportes S.A.S.,Calle 10 # 5-20,11,11001,0.00,2150.00,Retencion ICA ALION 0.1% - Doc #1001;;;;;;;;;;;;;;;
2025-01-12,5002,513550,Servicios de Transporte,NIT,900888222,Holcim Colombia S.A.,Carrera 15 # 30-10,5,5001,1800000.00,0.00,Registro contable servicios transporte - Doc #1002;;;;;;;;;;;;;;;
2025-01-12,5002,236810,ReteICA Actividades de Servicios,NIT,900888222,Holcim Colombia S.A.,Carrera 15 # 30-10,5,5001,0.00,10800.00,Retencion ICA HOLCIM 0.6% - Doc #1002;;;;;;;;;;;;;;;
2025-01-19,5003,513550,Servicios de Transporte,NIT,900888333,Incauca S.A.,Calle 8 # 12-45,15,15001,2500000.00,0.00,Registro contable servicios transporte - Doc #1003;;;;;;;;;;;;;;;
2025-01-19,5003,236810,ReteICA Actividades de Servicios,NIT,900888333,Incauca S.A.,Calle 8 # 12-45,15,15001,0.00,20000.00,Retencion ICA INCAUCA 0.8% - Doc #1003;;;;;;;;;;;;;;;
2025-01-26,5004,513550,Servicios de Transporte,NIT,900888444,Lactalis Chia Ltda,Av 7 # 18-30,15,15759,3200000.00,0.00,Registro contable servicios transporte - Doc #1004;;;;;;;;;;;;;;;
2025-01-26,5004,236810,ReteICA Actividades de Servicios,NIT,900888444,Lactalis Chia Ltda,Av 7 # 18-30,15,15759,0.00,22400.00,Retencion ICA LACTALIS CHIA 0.7% - Doc #1004;;;;;;;;;;;;;;;
2025-02-02,5005,513550,Servicios de Transporte,NIT,900888555,Lactalis Medellin S.A.S.,Calle 50 # 20-15,5,5001,1450000.00,0.00,Registro contable servicios transporte - Doc #1005;;;;;;;;;;;;;;;
2025-02-02,5005,236810,ReteICA Actividades de Servicios,NIT,900888555,Lactalis Medellin S.A.S.,Calle 50 # 20-15,5,5001,0.00,8700.00,Retencion ICA LACTALIS MED 0.6% - Doc #1005;;;;;;;;;;;;;;;
2025-02-09,5006,513550,Servicios de Transporte,NIT,900888666,Acerías Paz del Rio S.A.,Calle 22 # 8-50,15,15001,2750000.00,0.00,Registro contable servicios transporte - Doc #1006;;;;;;;;;;;;;;;
2025-02-09,5006,236810,ReteICA Actividades de Servicios,NIT,900888666,Acerías Paz del Rio S.A.,Calle 22 # 8-50,15,15001,0.00,16500.00,Retencion ICA ACERÍAS 0.6% - Doc #1006;;;;;;;;;;;;;;;
2025-02-16,5007,513550,Servicios de Transporte,NIT,900888777,Cemex Colombia S.A.,Carrera 30 # 10-60,11,11001,3500000.00,0.00,Registro contable servicios transporte - Doc #1007;;;;;;;;;;;;;;;
2025-02-16,5007,236810,ReteICA Actividades de Servicios,NIT,900888777,Cemex Colombia S.A.,Carrera 30 # 10-60,11,11001,0.00,16695.00,Retencion ICA CEMEX 0.477% - Doc #1007;;;;;;;;;;;;;;;
2025-02-23,5008,513550,Servicios de Transporte,NIT,900888778,Cemex Ibagué S.A.,Calle 12 # 5-30,15,15001,2100000.00,0.00,Registro contable servicios transporte - Doc #1008;;;;;;;;;;;;;;;
2025-02-23,5008,236810,ReteICA Actividades de Servicios,NIT,900888778,Cemex Ibagué S.A.,Calle 12 # 5-30,15,15001,0.00,10017.00,Retencion ICA CEMEX IBAGUE 0.477% - Doc #1008;;;;;;;;;;;;;;;
2025-03-02,5009,513550,Servicios de Transporte,NIT,900888779,Cemex Maceo S.A.,Calle 8 # 10-40,15,15759,1800000.00,0.00,Registro contable servicios transporte - Doc #1009;;;;;;;;;;;;;;;
2025-03-02,5009,236810,ReteICA Actividades de Servicios,NIT,900888779,Cemex Maceo S.A.,Calle 8 # 10-40,15,15759,0.00,14400.00,Retencion ICA CEMEX MACEO 0.8% - Doc #1009;;;;;;;;;;;;;;;
2025-03-09,5010,513550,Servicios de Transporte,NIT,900888780,Duitama Transportes S.A.,Carrera 5 # 20-30,15,15001,4200000.00,0.00,Registro contable servicios transporte - Doc #1010;;;;;;;;;;;;;;;
2025-03-09,5010,236810,ReteICA Actividades de Servicios,NIT,900888780,Duitama Transportes S.A.,Carrera 5 # 20-30,15,15001,0.00,256200.00,Retencion ICA DUITAMA 6.1% - Doc #1010;;;;;;;;;;;;;;;
2025-03-16,5011,513505,Servicios de Aseo y Vigilancia,NIT,900888111,Alion Transportes S.A.S.,Calle 10 # 5-20,11,11001,950000.00,0.00,Registro contable aseo - Doc #1011;;;;;;;;;;;;;;;
2025-03-16,5011,236810,ReteICA Actividades de Servicios,NIT,900888111,Alion Transportes S.A.S.,Calle 10 # 5-20,11,11001,0.00,950.00,Retencion ICA ALION 0.1% - Doc #1011;;;;;;;;;;;;;;;
2025-03-23,5012,511010,Honorarios Revisoria Fiscal,NIT,900888222,Holcim Colombia S.A.,Carrera 15 # 30-10,5,5001,670000.00,0.00,Registro contable honorarios - Doc #1012;;;;;;;;;;;;;;;
2025-03-23,5012,236810,ReteICA Actividades de Servicios,NIT,900888222,Holcim Colombia S.A.,Carrera 15 # 30-10,5,5001,0.00,4020.00,Retencion ICA HOLCIM 0.6% - Doc #1012;;;;;;;;;;;;;;;
2025-03-30,5013,513535,Servicios Mantenimiento y Reparacion,NIT,900888333,Incauca S.A.,Calle 8 # 12-45,15,15001,1230000.00,0.00,Registro contable mantenimiento - Doc #1013;;;;;;;;;;;;;;;
2025-03-30,5013,236810,ReteICA Actividades de Servicios,NIT,900888333,Incauca S.A.,Calle 8 # 12-45,15,15001,0.00,9840.00,Retencion ICA INCAUCA 0.8% - Doc #1013;;;;;;;;;;;;;;;
2025-04-06,5014,513550,Servicios de Transporte,NIT,900888444,Lactalis Chia Ltda,Av 7 # 18-30,15,15759,2900000.00,0.00,Registro contable servicios transporte - Doc #1014;;;;;;;;;;;;;;;
2025-04-06,5014,236810,ReteICA Actividades de Servicios,NIT,900888444,Lactalis Chia Ltda,Av 7 # 18-30,15,15759,0.00,20300.00,Retencion ICA LACTALIS CHIA 0.7% - Doc #1014;;;;;;;;;;;;;;;
2025-04-13,5015,513550,Servicios de Transporte,NIT,900888555,Lactalis Medellin S.A.S.,Calle 50 # 20-15,5,5001,1600000.00,0.00,Registro contable servicios transporte - Doc #1015;;;;;;;;;;;;;;;
2025-04-13,5015,236810,ReteICA Actividades de Servicios,NIT,900888555,Lactalis Medellin S.A.S.,Calle 50 # 20-15,5,5001,0.00,9600.00,Retencion ICA LACTALIS MED 0.6% - Doc #1015;;;;;;;;;;;;;;;
2025-04-20,5016,513505,Servicios de Aseo y Vigilancia,NIT,900888666,Acerías Paz del Rio S.A.,Calle 22 # 8-50,15,15001,450000.00,0.00,Registro contable aseo - Doc #1016;;;;;;;;;;;;;;;
2025-04-20,5016,236810,ReteICA Actividades de Servicios,NIT,900888666,Acerías Paz del Rio S.A.,Calle 22 # 8-50,15,15001,0.00,2700.00,Retencion ICA ACERÍAS 0.6% - Doc #1016;;;;;;;;;;;;;;;
2025-04-27,5017,513550,Servicios de Transporte,NIT,900888777,Cemex Colombia S.A.,Carrera 30 # 10-60,11,11001,3800000.00,0.00,Registro contable servicios transporte - Doc #1017;;;;;;;;;;;;;;;
2025-04-27,5017,236810,ReteICA Actividades de Servicios,NIT,900888777,Cemex Colombia S.A.,Carrera 30 # 10-60,11,11001,0.00,18126.00,Retencion ICA CEMEX 0.477% - Doc #1017;;;;;;;;;;;;;;;
2025-05-04,5018,513550,Servicios de Transporte,NIT,900888778,Cemex Ibagué S.A.,Calle 12 # 5-30,15,15001,2300000.00,0.00,Registro contable servicios transporte - Doc #1018;;;;;;;;;;;;;;;
2025-05-04,5018,236810,ReteICA Actividades de Servicios,NIT,900888778,Cemex Ibagué S.A.,Calle 12 # 5-30,15,15001,0.00,10971.00,Retencion ICA CEMEX IBAGUE 0.477% - Doc #1018;;;;;;;;;;;;;;;
2025-05-11,5019,513550,Servicios de Transporte,NIT,900888779,Cemex Maceo S.A.,Calle 8 # 10-40,15,15759,1950000.00,0.00,Registro contable servicios transporte - Doc #1019;;;;;;;;;;;;;;;
2025-05-11,5019,236810,ReteICA Actividades de Servicios,NIT,900888779,Cemex Maceo S.A.,Calle 8 # 10-40,15,15759,0.00,15600.00,Retencion ICA CEMEX MACEO 0.8% - Doc #1019;;;;;;;;;;;;;;;
2025-05-18,5020,513550,Servicios de Transporte,NIT,900888780,Duitama Transportes S.A.,Carrera 5 # 20-30,15,15001,5000000.00,0.00,Registro contable servicios transporte - Doc #1020;;;;;;;;;;;;;;;
2025-05-18,5020,236810,ReteICA Actividades de Servicios,NIT,900888780,Duitama Transportes S.A.,Carrera 5 # 20-30,15,15001,0.00,305000.00,Retencion ICA DUITAMA 6.1% - Doc #1020;;;;;;;;;;;;;;;
2025-05-25,5021,513550,Servicios de Transporte,NIT,900888111,Alion Transportes S.A.S.,Calle 10 # 5-20,11,11001,1100000.00,0.00,Registro contable servicios transporte - Doc #1021;;;;;;;;;;;;;;;
2025-05-25,5021,236810,ReteICA Actividades de Servicios,NIT,900888111,Alion Transportes S.A.S.,Calle 10 # 5-20,11,11001,0.00,1100.00,Retencion ICA ALION 0.1% - Doc #1021;;;;;;;;;;;;;;;
2025-06-01,5022,513550,Servicios de Transporte,NIT,900888222,Holcim Colombia S.A.,Carrera 15 # 30-10,5,5001,2000000.00,0.00,Registro contable servicios transporte - Doc #1022;;;;;;;;;;;;;;;
2025-06-01,5022,236810,ReteICA Actividades de Servicios,NIT,900888222,Holcim Colombia S.A.,Carrera 15 # 30-10,5,5001,0.00,12000.00,Retencion ICA HOLCIM 0.6% - Doc #1022;;;;;;;;;;;;;;;
2025-06-08,5023,513550,Servicios de Transporte,NIT,900888333,Incauca S.A.,Calle 8 # 12-45,15,15001,2700000.00,0.00,Registro contable servicios transporte - Doc #1023;;;;;;;;;;;;;;;
2025-06-08,5023,236810,ReteICA Actividades de Servicios,NIT,900888333,Incauca S.A.,Calle 8 # 12-45,15,15001,0.00,21600.00,Retencion ICA INCAUCA 0.8% - Doc #1023;;;;;;;;;;;;;;;
2025-06-15,5024,513550,Servicios de Transporte,NIT,900888444,Lactalis Chia Ltda,Av 7 # 18-30,15,15759,3100000.00,0.00,Registro contable servicios transporte - Doc #1024;;;;;;;;;;;;;;;
2025-06-15,5024,236810,ReteICA Actividades de Servicios,NIT,900888444,Lactalis Chia Ltda,Av 7 # 18-30,15,15759,0.00,21700.00,Retencion ICA LACTALIS CHIA 0.7% - Doc #1024;;;;;;;;;;;;;;;
2025-06-22,5025,513550,Servicios de Transporte,NIT,900888555,Lactalis Medellin S.A.S.,Calle 50 # 20-15,5,5001,1750000.00,0.00,Registro contable servicios transporte - Doc #1025;;;;;;;;;;;;;;;
2025-06-22,5025,236810,ReteICA Actividades de Servicios,NIT,900888555,Lactalis Medellin S.A.S.,Calle 50 # 20-15,5,5001,0.00,10500.00,Retencion ICA LACTALIS MED 0.6% - Doc #1025;;;;;;;;;;;;;;;
2025-06-29,5026,513550,Servicios de Transporte,NIT,900888666,Acerías Paz del Rio S.A.,Calle 22 # 8-50,15,15001,2800000.00,0.00,Registro contable servicios transporte - Doc #1026;;;;;;;;;;;;;;;
2025-06-29,5026,236810,ReteICA Actividades de Servicios,NIT,900888666,Acerías Paz del Rio S.A.,Calle 22 # 8-50,15,15001,0.00,16800.00,Retencion ICA ACERÍAS 0.6% - Doc #1026;;;;;;;;;;;;;;;
2025-07-06,5027,513550,Servicios de Transporte,NIT,900888777,Cemex Colombia S.A.,Carrera 30 # 10-60,11,11001,3600000.00,0.00,Registro contable servicios transporte - Doc #1027;;;;;;;;;;;;;;;
2025-07-06,5027,236810,ReteICA Actividades de Servicios,NIT,900888777,Cemex Colombia S.A.,Carrera 30 # 10-60,11,11001,0.00,17172.00,Retencion ICA CEMEX 0.477% - Doc #1027;;;;;;;;;;;;;;;
2025-07-13,5028,513550,Servicios de Transporte,NIT,900888778,Cemex Ibagué S.A.,Calle 12 # 5-30,15,15001,2400000.00,0.00,Registro contable servicios transporte - Doc #1028;;;;;;;;;;;;;;;
2025-07-13,5028,236810,ReteICA Actividades de Servicios,NIT,900888778,Cemex Ibagué S.A.,Calle 12 # 5-30,15,15001,0.00,11448.00,Retencion ICA CEMEX IBAGUE 0.477% - Doc #1028;;;;;;;;;;;;;;;
2025-07-20,5029,513550,Servicios de Transporte,NIT,900888779,Cemex Maceo S.A.,Calle 8 # 10-40,15,15759,2100000.00,0.00,Registro contable servicios transporte - Doc #1029;;;;;;;;;;;;;;;
2025-07-20,5029,236810,ReteICA Actividades de Servicios,NIT,900888779,Cemex Maceo S.A.,Calle 8 # 10-40,15,15759,0.00,16800.00,Retencion ICA CEMEX MACEO 0.8% - Doc #1029;;;;;;;;;;;;;;;
2025-07-27,5030,513550,Servicios de Transporte,NIT,900888780,Duitama Transportes S.A.,Carrera 5 # 20-30,15,15001,4600000.00,0.00,Registro contable servicios transporte - Doc #1030;;;;;;;;;;;;;;;
2025-07-27,5030,236810,ReteICA Actividades de Servicios,NIT,900888780,Duitama Transportes S.A.,Carrera 5 # 20-30,15,15001,0.00,280600.00,Retencion ICA DUITAMA 6.1% - Doc #1030;;;;;;;;;;;;;;;
2025-08-03,5031,513550,Servicios de Transporte,NIT,900888111,Alion Transportes S.A.S.,Calle 10 # 5-20,11,11001,1300000.00,0.00,Registro contable servicios transporte - Doc #1031;;;;;;;;;;;;;;;
2025-08-03,5031,236810,ReteICA Actividades de Servicios,NIT,900888111,Alion Transportes S.A.S.,Calle 10 # 5-20,11,11001,0.00,1300.00,Retencion ICA ALION 0.1% - Doc #1031;;;;;;;;;;;;;;;
2025-08-10,5032,513550,Servicios de Transporte,NIT,900888222,Holcim Colombia S.A.,Carrera 15 # 30-10,5,5001,2250000.00,0.00,Registro contable servicios transporte - Doc #1032;;;;;;;;;;;;;;;
2025-08-10,5032,236810,ReteICA Actividades de Servicios,NIT,900888222,Holcim Colombia S.A.,Carrera 15 # 30-10,5,5001,0.00,13500.00,Retencion ICA HOLCIM 0.6% - Doc #1032;;;;;;;;;;;;;;;
2025-08-17,5033,513550,Servicios de Transporte,NIT,900888333,Incauca S.A.,Calle 8 # 12-45,15,15001,2900000.00,0.00,Registro contable servicios transporte - Doc #1033;;;;;;;;;;;;;;;
2025-08-17,5033,236810,ReteICA Actividades de Servicios,NIT,900888333,Incauca S.A.,Calle 8 # 12-45,15,15001,0.00,23200.00,Retencion ICA INCAUCA 0.8% - Doc #1033;;;;;;;;;;;;;;;
2025-08-24,5034,513550,Servicios de Transporte,NIT,900888444,Lactalis Chia Ltda,Av 7 # 18-30,15,15759,3400000.00,0.00,Registro contable servicios transporte - Doc #1034;;;;;;;;;;;;;;;
2025-08-24,5034,236810,ReteICA Actividades de Servicios,NIT,900888444,Lactalis Chia Ltda,Av 7 # 18-30,15,15759,0.00,23800.00,Retencion ICA LACTALIS CHIA 0.7% - Doc #1034;;;;;;;;;;;;;;;
2025-08-31,5035,513550,Servicios de Transporte,NIT,900888555,Lactalis Medellin S.A.S.,Calle 50 # 20-15,5,5001,1850000.00,0.00,Registro contable servicios transporte - Doc #1035;;;;;;;;;;;;;;;
2025-08-31,5035,236810,ReteICA Actividades de Servicios,NIT,900888555,Lactalis Medellin S.A.S.,Calle 50 # 20-15,5,5001,0.00,11100.00,Retencion ICA LACTALIS MED 0.6% - Doc #1035;;;;;;;;;;;;;;;
2025-09-07,5036,513550,Servicios de Transporte,NIT,900888666,Acerías Paz del Rio S.A.,Calle 22 # 8-50,15,15001,3050000.00,0.00,Registro contable servicios transporte - Doc #1036;;;;;;;;;;;;;;;
2025-09-07,5036,236810,ReteICA Actividades de Servicios,NIT,900888666,Acerías Paz del Rio S.A.,Calle 22 # 8-50,15,15001,0.00,18300.00,Retencion ICA ACERÍAS 0.6% - Doc #1036;;;;;;;;;;;;;;;
2025-09-14,5037,513550,Servicios de Transporte,NIT,900888777,Cemex Colombia S.A.,Carrera 30 # 10-60,11,11001,3950000.00,0.00,Registro contable servicios transporte - Doc #1037;;;;;;;;;;;;;;;
2025-09-14,5037,236810,ReteICA Actividades de Servicios,NIT,900888777,Cemex Colombia S.A.,Carrera 30 # 10-60,11,11001,0.00,18841.50,Retencion ICA CEMEX 0.477% - Doc #1037;;;;;;;;;;;;;;;
2025-09-21,5038,513550,Servicios de Transporte,NIT,900888778,Cemex Ibagué S.A.,Calle 12 # 5-30,15,15001,2550000.00,0.00,Registro contable servicios transporte - Doc #1038;;;;;;;;;;;;;;;
2025-09-21,5038,236810,ReteICA Actividades de Servicios,NIT,900888778,Cemex Ibagué S.A.,Calle 12 # 5-30,15,15001,0.00,12163.50,Retencion ICA CEMEX IBAGUE 0.477% - Doc #1038;;;;;;;;;;;;;;;
2025-09-28,5039,513550,Servicios de Transporte,NIT,900888779,Cemex Maceo S.A.,Calle 8 # 10-40,15,15759,2250000.00,0.00,Registro contable servicios transporte - Doc #1039;;;;;;;;;;;;;;;
2025-09-28,5039,236810,ReteICA Actividades de Servicios,NIT,900888779,Cemex Maceo S.A.,Calle 8 # 10-40,15,15759,0.00,18000.00,Retencion ICA CEMEX MACEO 0.8% - Doc #1039;;;;;;;;;;;;;;;
2025-10-05,5040,513550,Servicios de Transporte,NIT,900888780,Duitama Transportes S.A.,Carrera 5 # 20-30,15,15001,4800000.00,0.00,Registro contable servicios transporte - Doc #1040;;;;;;;;;;;;;;;
2025-10-05,5040,236810,ReteICA Actividades de Servicios,NIT,900888780,Duitama Transportes S.A.,Carrera 5 # 20-30,15,15001,0.00,292800.00,Retencion ICA DUITAMA 6.1% - Doc #1040;;;;;;;;;;;;;;;
2025-10-12,5041,513550,Servicios de Transporte,NIT,900888111,Alion Transportes S.A.S.,Calle 10 # 5-20,11,11001,1450000.00,0.00,Registro contable servicios transporte - Doc #1041;;;;;;;;;;;;;;;
2025-10-12,5041,236810,ReteICA Actividades de Servicios,NIT,900888111,Alion Transportes S.A.S.,Calle 10 # 5-20,11,11001,0.00,1450.00,Retencion ICA ALION 0.1% - Doc #1041;;;;;;;;;;;;;;;
2025-10-19,5042,513550,Servicios de Transporte,NIT,900888222,Holcim Colombia S.A.,Carrera 15 # 30-10,5,5001,2350000.00,0.00,Registro contable servicios transporte - Doc #1042;;;;;;;;;;;;;;;
2025-10-19,5042,236810,ReteICA Actividades de Servicios,NIT,900888222,Holcim Colombia S.A.,Carrera 15 # 30-10,5,5001,0.00,14100.00,Retencion ICA HOLCIM 0.6% - Doc #1042;;;;;;;;;;;;;;;
2025-10-26,5043,513550,Servicios de Transporte,NIT,900888333,Incauca S.A.,Calle 8 # 12-45,15,15001,3100000.00,0.00,Registro contable servicios transporte - Doc #1043;;;;;;;;;;;;;;;
2025-10-26,5043,236810,ReteICA Actividades de Servicios,NIT,900888333,Incauca S.A.,Calle 8 # 12-45,15,15001,0.00,24800.00,Retencion ICA INCAUCA 0.8% - Doc #1043;;;;;;;;;;;;;;;
2025-11-02,5044,513550,Servicios de Transporte,NIT,900888444,Lactalis Chia Ltda,Av 7 # 18-30,15,15759,3550000.00,0.00,Registro contable servicios transporte - Doc #1044;;;;;;;;;;;;;;;
2025-11-02,5044,236810,ReteICA Actividades de Servicios,NIT,900888444,Lactalis Chia Ltda,Av 7 # 18-30,15,15759,0.00,24850.00,Retencion ICA LACTALIS CHIA 0.7% - Doc #1044;;;;;;;;;;;;;;;
2025-11-09,5045,513550,Servicios de Transporte,NIT,900888555,Lactalis Medellin S.A.S.,Calle 50 # 20-15,5,5001,1900000.00,0.00,Registro contable servicios transporte - Doc #1045;;;;;;;;;;;;;;;
2025-11-09,5045,236810,ReteICA Actividades de Servicios,NIT,900888555,Lactalis Medellin S.A.S.,Calle 50 # 20-15,5,5001,0.00,11400.00,Retencion ICA LACTALIS MED 0.6% - Doc #1045;;;;;;;;;;;;;;;
2025-11-16,5046,513550,Servicios de Transporte,NIT,900888666,Acerías Paz del Rio S.A.,Calle 22 # 8-50,15,15001,3200000.00,0.00,Registro contable servicios transporte - Doc #1046;;;;;;;;;;;;;;;
2025-11-16,5046,236810,ReteICA Actividades de Servicios,NIT,900888666,Acerías Paz del Rio S.A.,Calle 22 # 8-50,15,15001,0.00,19200.00,Retencion ICA ACERÍAS 0.6% - Doc #1046;;;;;;;;;;;;;;;
2025-11-23,5047,513550,Servicios de Transporte,NIT,900888777,Cemex Colombia S.A.,Carrera 30 # 10-60,11,11001,4100000.00,0.00,Registro contable servicios transporte - Doc #1047;;;;;;;;;;;;;;;
2025-11-23,5047,236810,ReteICA Actividades de Servicios,NIT,900888777,Cemex Colombia S.A.,Carrera 30 # 10-60,11,11001,0.00,19557.00,Retencion ICA CEMEX 0.477% - Doc #1047;;;;;;;;;;;;;;;
2025-11-30,5048,513550,Servicios de Transporte,NIT,900888778,Cemex Ibagué S.A.,Calle 12 # 5-30,15,15001,2650000.00,0.00,Registro contable servicios transporte - Doc #1048;;;;;;;;;;;;;;;
2025-11-30,5048,236810,ReteICA Actividades de Servicios,NIT,900888778,Cemex Ibagué S.A.,Calle 12 # 5-30,15,15001,0.00,12640.50,Retencion ICA CEMEX IBAGUE 0.477% - Doc #1048;;;;;;;;;;;;;;;
2025-12-07,5049,513550,Servicios de Transporte,NIT,900888779,Cemex Maceo S.A.,Calle 8 # 10-40,15,15759,2400000.00,0.00,Registro contable servicios transporte - Doc #1049;;;;;;;;;;;;;;;
2025-12-07,5049,236810,ReteICA Actividades de Servicios,NIT,900888779,Cemex Maceo S.A.,Calle 8 # 10-40,15,15759,0.00,19200.00,Retencion ICA CEMEX MACEO 0.8% - Doc #1049;;;;;;;;;;;;;;;
2025-12-14,5050,513550,Servicios de Transporte,NIT,900888780,Duitama Transportes S.A.,Carrera 5 # 20-30,15,15001,5200000.00,0.00,Registro contable servicios transporte - Doc #1050;;;;;;;;;;;;;;;
2025-12-14,5050,236810,ReteICA Actividades de Servicios,NIT,900888780,Duitama Transportes S.A.,Carrera 5 # 20-30,15,15001,0.00,317200.00,Retencion ICA DUITAMA 6.1% - Doc #1050;;;;;;;;;;;;;;;
2025-01-08,5051,513550,Servicios de Transporte,NIT,900888222,Holcim Colombia S.A.,Carrera 15 # 30-10,5,5001,1650000.00,0.00,Registro contable servicios transporte - Doc #1051;;;;;;;;;;;;;;;
2025-01-08,5051,236810,ReteICA Actividades de Servicios,NIT,900888222,Holcim Colombia S.A.,Carrera 15 # 30-10,5,5001,0.00,9900.00,Retencion ICA HOLCIM 0.6% - Doc #1051;;;;;;;;;;;;;;;
2025-01-22,5052,511005,Honorarios Asesoria Juridica,NIT,900888333,Incauca S.A.,Calle 8 # 12-45,15,15001,780000.00,0.00,Registro contable honorarios - Doc #1052;;;;;;;;;;;;;;;
2025-01-22,5052,236810,ReteICA Actividades de Servicios,NIT,900888333,Incauca S.A.,Calle 8 # 12-45,15,15001,0.00,6240.00,Retencion ICA INCAUCA 0.8% - Doc #1052;;;;;;;;;;;;;;;
2025-02-05,5053,513505,Servicios de Aseo y Vigilancia,NIT,900888444,Lactalis Chia Ltda,Av 7 # 18-30,15,15759,850000.00,0.00,Registro contable aseo - Doc #1053;;;;;;;;;;;;;;;
2025-02-05,5053,236810,ReteICA Actividades de Servicios,NIT,900888444,Lactalis Chia Ltda,Av 7 # 18-30,15,15759,0.00,5950.00,Retencion ICA LACTALIS CHIA 0.7% - Doc #1053;;;;;;;;;;;;;;;
2025-02-19,5054,513535,Servicios Mantenimiento y Reparacion,NIT,900888555,Lactalis Medellin S.A.S.,Calle 50 # 20-15,5,5001,620000.00,0.00,Registro contable mantenimiento - Doc #1054;;;;;;;;;;;;;;;
2025-02-19,5054,236810,ReteICA Actividades de Servicios,NIT,900888555,Lactalis Medellin S.A.S.,Calle 50 # 20-15,5,5001,0.00,3720.00,Retencion ICA LACTALIS MED 0.6% - Doc #1054;;;;;;;;;;;;;;;
2025-03-05,5055,513550,Servicios de Transporte,NIT,900888666,Acerías Paz del Rio S.A.,Calle 22 # 8-50,15,15001,1950000.00,0.00,Registro contable servicios transporte - Doc #1055;;;;;;;;;;;;;;;
2025-03-05,5055,236810,ReteICA Actividades de Servicios,NIT,900888666,Acerías Paz del Rio S.A.,Calle 22 # 8-50,15,15001,0.00,11700.00,Retencion ICA ACERÍAS 0.6% - Doc #1055;;;;;;;;;;;;;;;
2025-03-19,5056,513550,Servicios de Transporte,NIT,900888777,Cemex Colombia S.A.,Carrera 30 # 10-60,11,11001,2750000.00,0.00,Registro contable servicios transporte - Doc #1056;;;;;;;;;;;;;;;
2025-03-19,5056,236810,ReteICA Actividades de Servicios,NIT,900888777,Cemex Colombia S.A.,Carrera 30 # 10-60,11,11001,0.00,13117.50,Retencion ICA CEMEX 0.477% - Doc #1056;;;;;;;;;;;;;;;
2025-04-02,5057,513550,Servicios de Transporte,NIT,900888778,Cemex Ibagué S.A.,Calle 12 # 5-30,15,15001,1800000.00,0.00,Registro contable servicios transporte - Doc #1057;;;;;;;;;;;;;;;
2025-04-02,5057,236810,ReteICA Actividades de Servicios,NIT,900888778,Cemex Ibagué S.A.,Calle 12 # 5-30,15,15001,0.00,8586.00,Retencion ICA CEMEX IBAGUE 0.477% - Doc #1057;;;;;;;;;;;;;;;
2025-04-16,5058,513550,Servicios de Transporte,NIT,900888779,Cemex Maceo S.A.,Calle 8 # 10-40,15,15759,1700000.00,0.00,Registro contable servicios transporte - Doc #1058;;;;;;;;;;;;;;;
2025-04-16,5058,236810,ReteICA Actividades de Servicios,NIT,900888779,Cemex Maceo S.A.,Calle 8 # 10-40,15,15759,0.00,13600.00,Retencion ICA CEMEX MACEO 0.8% - Doc #1058;;;;;;;;;;;;;;;
2025-04-30,5059,513550,Servicios de Transporte,NIT,900888780,Duitama Transportes S.A.,Carrera 5 # 20-30,15,15001,3900000.00,0.00,Registro contable servicios transporte - Doc #1059;;;;;;;;;;;;;;;
2025-04-30,5059,236810,ReteICA Actividades de Servicios,NIT,900888780,Duitama Transportes S.A.,Carrera 5 # 20-30,15,15001,0.00,237900.00,Retencion ICA DUITAMA 6.1% - Doc #1059;;;;;;;;;;;;;;;
2025-05-14,5060,513550,Servicios de Transporte,NIT,900888111,Alion Transportes S.A.S.,Calle 10 # 5-20,11,11001,1050000.00,0.00,Registro contable servicios transporte - Doc #1060;;;;;;;;;;;;;;;
2025-05-14,5060,236810,ReteICA Actividades de Servicios,NIT,900888111,Alion Transportes S.A.S.,Calle 10 # 5-20,11,11001,0.00,1050.00,Retencion ICA ALION 0.1% - Doc #1060;;;;;;;;;;;;;;;
2025-05-28,5061,513550,Servicios de Transporte,NIT,900888222,Holcim Colombia S.A.,Carrera 15 # 30-10,5,5001,2150000.00,0.00,Registro contable servicios transporte - Doc #1061;;;;;;;;;;;;;;;
2025-05-28,5061,236810,ReteICA Actividades de Servicios,NIT,900888222,Holcim Colombia S.A.,Carrera 15 # 30-10,5,5001,0.00,12900.00,Retencion ICA HOLCIM 0.6% - Doc #1061;;;;;;;;;;;;;;;
2025-06-11,5062,511005,Honorarios Asesoria Juridica,NIT,900888333,Incauca S.A.,Calle 8 # 12-45,15,15001,540000.00,0.00,Registro contable honorarios - Doc #1062;;;;;;;;;;;;;;;
2025-06-11,5062,236810,ReteICA Actividades de Servicios,NIT,900888333,Incauca S.A.,Calle 8 # 12-45,15,15001,0.00,4320.00,Retencion ICA INCAUCA 0.8% - Doc #1062;;;;;;;;;;;;;;;
2025-06-25,5063,513550,Servicios de Transporte,NIT,900888444,Lactalis Chia Ltda,Av 7 # 18-30,15,15759,2750000.00,0.00,Registro contable servicios transporte - Doc #1063;;;;;;;;;;;;;;;
2025-06-25,5063,236810,ReteICA Actividades de Servicios,NIT,900888444,Lactalis Chia Ltda,Av 7 # 18-30,15,15759,0.00,19250.00,Retencion ICA LACTALIS CHIA 0.7% - Doc #1063;;;;;;;;;;;;;;;
2025-07-09,5064,513550,Servicios de Transporte,NIT,900888555,Lactalis Medellin S.A.S.,Calle 50 # 20-15,5,5001,1550000.00,0.00,Registro contable servicios transporte - Doc #1064;;;;;;;;;;;;;;;
2025-07-09,5064,236810,ReteICA Actividades de Servicios,NIT,900888555,Lactalis Medellin S.A.S.,Calle 50 # 20-15,5,5001,0.00,9300.00,Retencion ICA LACTALIS MED 0.6% - Doc #1064;;;;;;;;;;;;;;;
2025-07-23,5065,513550,Servicios de Transporte,NIT,900888666,Acerías Paz del Rio S.A.,Calle 22 # 8-50,15,15001,2650000.00,0.00,Registro contable servicios transporte - Doc #1065;;;;;;;;;;;;;;;
2025-07-23,5065,236810,ReteICA Actividades de Servicios,NIT,900888666,Acerías Paz del Rio S.A.,Calle 22 # 8-50,15,15001,0.00,15900.00,Retencion ICA ACERÍAS 0.6% - Doc #1065;;;;;;;;;;;;;;;
2025-08-06,5066,513550,Servicios de Transporte,NIT,900888777,Cemex Colombia S.A.,Carrera 30 # 10-60,11,11001,3350000.00,0.00,Registro contable servicios transporte - Doc #1066;;;;;;;;;;;;;;;
2025-08-06,5066,236810,ReteICA Actividades de Servicios,NIT,900888777,Cemex Colombia S.A.,Carrera 30 # 10-60,11,11001,0.00,15979.50,Retencion ICA CEMEX 0.477% - Doc #1066;;;;;;;;;;;;;;;
2025-08-20,5067,513550,Servicios de Transporte,NIT,900888778,Cemex Ibagué S.A.,Calle 12 # 5-30,15,15001,2200000.00,0.00,Registro contable servicios transporte - Doc #1067;;;;;;;;;;;;;;;
2025-08-20,5067,236810,ReteICA Actividades de Servicios,NIT,900888778,Cemex Ibagué S.A.,Calle 12 # 5-30,15,15001,0.00,10494.00,Retencion ICA CEMEX IBAGUE 0.477% - Doc #1067;;;;;;;;;;;;;;;
2025-09-03,5068,513550,Servicios de Transporte,NIT,900888779,Cemex Maceo S.A.,Calle 8 # 10-40,15,15759,2050000.00,0.00,Registro contable servicios transporte - Doc #1068;;;;;;;;;;;;;;;
2025-09-03,5068,236810,ReteICA Actividades de Servicios,NIT,900888779,Cemex Maceo S.A.,Calle 8 # 10-40,15,15759,0.00,16400.00,Retencion ICA CEMEX MACEO 0.8% - Doc #1068;;;;;;;;;;;;;;;
2025-09-17,5069,513550,Servicios de Transporte,NIT,900888780,Duitama Transportes S.A.,Carrera 5 # 20-30,15,15001,4400000.00,0.00,Registro contable servicios transporte - Doc #1069;;;;;;;;;;;;;;;
2025-09-17,5069,236810,ReteICA Actividades de Servicios,NIT,900888780,Duitama Transportes S.A.,Carrera 5 # 20-30,15,15001,0.00,268400.00,Retencion ICA DUITAMA 6.1% - Doc #1069;;;;;;;;;;;;;;;
2025-10-01,5070,513550,Servicios de Transporte,NIT,900888111,Alion Transportes S.A.S.,Calle 10 # 5-20,11,11001,1250000.00,0.00,Registro contable servicios transporte - Doc #1070;;;;;;;;;;;;;;;
2025-10-01,5070,236810,ReteICA Actividades de Servicios,NIT,900888111,Alion Transportes S.A.S.,Calle 10 # 5-20,11,11001,0.00,1250.00,Retencion ICA ALION 0.1% - Doc #1070;;;;;;;;;;;;;;;
2025-10-15,5071,513550,Servicios de Transporte,NIT,900888222,Holcim Colombia S.A.,Carrera 15 # 30-10,5,5001,2450000.00,0.00,Registro contable servicios transporte - Doc #1071;;;;;;;;;;;;;;;
2025-10-15,5071,236810,ReteICA Actividades de Servicios,NIT,900888222,Holcim Colombia S.A.,Carrera 15 # 30-10,5,5001,0.00,14700.00,Retencion ICA HOLCIM 0.6% - Doc #1071;;;;;;;;;;;;;;;
2025-10-29,5072,511010,Honorarios Revisoria Fiscal,NIT,900888333,Incauca S.A.,Calle 8 # 12-45,15,15001,490000.00,0.00,Registro contable honorarios - Doc #1072;;;;;;;;;;;;;;;
2025-10-29,5072,236810,ReteICA Actividades de Servicios,NIT,900888333,Incauca S.A.,Calle 8 # 12-45,15,15001,0.00,3920.00,Retencion ICA INCAUCA 0.8% - Doc #1072;;;;;;;;;;;;;;;
2025-11-12,5073,513550,Servicios de Transporte,NIT,900888444,Lactalis Chia Ltda,Av 7 # 18-30,15,15759,3650000.00,0.00,Registro contable servicios transporte - Doc #1073;;;;;;;;;;;;;;;
2025-11-12,5073,236810,ReteICA Actividades de Servicios,NIT,900888444,Lactalis Chia Ltda,Av 7 # 18-30,15,15759,0.00,25550.00,Retencion ICA LACTALIS CHIA 0.7% - Doc #1073;;;;;;;;;;;;;;;
2025-11-26,5074,513550,Servicios de Transporte,NIT,900888555,Lactalis Medellin S.A.S.,Calle 50 # 20-15,5,5001,2000000.00,0.00,Registro contable servicios transporte - Doc #1074;;;;;;;;;;;;;;;
2025-11-26,5074,236810,ReteICA Actividades de Servicios,NIT,900888555,Lactalis Medellin S.A.S.,Calle 50 # 20-15,5,5001,0.00,12000.00,Retencion ICA LACTALIS MED 0.6% - Doc #1074;;;;;;;;;;;;;;;
2025-12-10,5075,513550,Servicios de Transporte,NIT,900888666,Acerías Paz del Rio S.A.,Calle 22 # 8-50,15,15001,3400000.00,0.00,Registro contable servicios transporte - Doc #1075;;;;;;;;;;;;;;;
2025-12-10,5075,236810,ReteICA Actividades de Servicios,NIT,900888666,Acerías Paz del Rio S.A.,Calle 22 # 8-50,15,15001,0.00,20400.00,Retencion ICA ACERÍAS 0.6% - Doc #1075;;;;;;;;;;;;;;;
2025-12-24,5076,513550,Servicios de Transporte,NIT,900888777,Cemex Colombia S.A.,Carrera 30 # 10-60,11,11001,4250000.00,0.00,Registro contable servicios transporte - Doc #1076;;;;;;;;;;;;;;;
2025-12-24,5076,236810,ReteICA Actividades de Servicios,NIT,900888777,Cemex Colombia S.A.,Carrera 30 # 10-60,11,11001,0.00,20272.50,Retencion ICA CEMEX 0.477% - Doc #1076;;;;;;;;;;;;;;;
2025-12-31,5077,513550,Servicios de Transporte,NIT,900888778,Cemex Ibagué S.A.,Calle 12 # 5-30,15,15001,2800000.00,0.00,Registro contable servicios transporte - Doc #1077;;;;;;;;;;;;;;;
2025-12-31,5077,236810,ReteICA Actividades de Servicios,NIT,900888778,Cemex Ibagué S.A.,Calle 12 # 5-30,15,15001,0.00,13356.00,Retencion ICA CEMEX IBAGUE 0.477% - Doc #1077;;;;;;;;;;;;;;;
2025-01-15,5078,513550,Servicios de Transporte,NIT,900888779,Cemex Maceo S.A.,Calle 8 # 10-40,15,15759,2350000.00,0.00,Registro contable servicios transporte - Doc #1078;;;;;;;;;;;;;;;
2025-01-15,5078,236810,ReteICA Actividades de Servicios,NIT,900888779,Cemex Maceo S.A.,Calle 8 # 10-40,15,15759,0.00,18800.00,Retencion ICA CEMEX MACEO 0.8% - Doc #1078;;;;;;;;;;;;;;;
2025-02-12,5079,513550,Servicios de Transporte,NIT,900888780,Duitama Transportes S.A.,Carrera 5 # 20-30,15,15001,4900000.00,0.00,Registro contable servicios transporte - Doc #1079;;;;;;;;;;;;;;;
2025-02-12,5079,236810,ReteICA Actividades de Servicios,NIT,900888780,Duitama Transportes S.A.,Carrera 5 # 20-30,15,15001,0.00,298900.00,Retencion ICA DUITAMA 6.1% - Doc #1079;;;;;;;;;;;;;;;
2025-03-12,5080,513550,Servicios de Transporte,NIT,900888111,Alion Transportes S.A.S.,Calle 10 # 5-20,11,11001,1350000.00,0.00,Registro contable servicios transporte - Doc #1080;;;;;;;;;;;;;;;
2025-03-12,5080,236810,ReteICA Actividades de Servicios,NIT,900888111,Alion Transportes S.A.S.,Calle 10 # 5-20,11,11001,0.00,1350.00,Retencion ICA ALION 0.1% - Doc #1080;;;;;;;;;;;;;;;
2025-04-09,5081,513550,Servicios de Transporte,NIT,900888222,Holcim Colombia S.A.,Carrera 15 # 30-10,5,5001,2550000.00,0.00,Registro contable servicios transporte - Doc #1081;;;;;;;;;;;;;;;
2025-04-09,5081,236810,ReteICA Actividades de Servicios,NIT,900888222,Holcim Colombia S.A.,Carrera 15 # 30-10,5,5001,0.00,15300.00,Retencion ICA HOLCIM 0.6% - Doc #1081;;;;;;;;;;;;;;;
2025-05-07,5082,513550,Servicios de Transporte,NIT,900888333,Incauca S.A.,Calle 8 # 12-45,15,15001,2850000.00,0.00,Registro contable servicios transporte - Doc #1082;;;;;;;;;;;;;;;
2025-05-07,5082,236810,ReteICA Actividades de Servicios,NIT,900888333,Incauca S.A.,Calle 8 # 12-45,15,15001,0.00,22800.00,Retencion ICA INCAUCA 0.8% - Doc #1082;;;;;;;;;;;;;;;
2025-06-04,5083,513550,Servicios de Transporte,NIT,900888444,Lactalis Chia Ltda,Av 7 # 18-30,15,15759,3250000.00,0.00,Registro contable servicios transporte - Doc #1083;;;;;;;;;;;;;;;
2025-06-04,5083,236810,ReteICA Actividades de Servicios,NIT,900888444,Lactalis Chia Ltda,Av 7 # 18-30,15,15759,0.00,22750.00,Retencion ICA LACTALIS CHIA 0.7% - Doc #1083;;;;;;;;;;;;;;;
2025-07-02,5084,513550,Servicios de Transporte,NIT,900888555,Lactalis Medellin S.A.S.,Calle 50 # 20-15,5,5001,1650000.00,0.00,Registro contable servicios transporte - Doc #1084;;;;;;;;;;;;;;;
2025-07-02,5084,236810,ReteICA Actividades de Servicios,NIT,900888555,Lactalis Medellin S.A.S.,Calle 50 # 20-15,5,5001,0.00,9900.00,Retencion ICA LACTALIS MED 0.6% - Doc #1084;;;;;;;;;;;;;;;
2025-07-30,5085,513550,Servicios de Transporte,NIT,900888666,Acerías Paz del Rio S.A.,Calle 22 # 8-50,15,15001,2950000.00,0.00,Registro contable servicios transporte - Doc #1085;;;;;;;;;;;;;;;
2025-07-30,5085,236810,ReteICA Actividades de Servicios,NIT,900888666,Acerías Paz del Rio S.A.,Calle 22 # 8-50,15,15001,0.00,17700.00,Retencion ICA ACERÍAS 0.6% - Doc #1085;;;;;;;;;;;;;;;
2025-08-27,5086,513550,Servicios de Transporte,NIT,900888777,Cemex Colombia S.A.,Carrera 30 # 10-60,11,11001,3850000.00,0.00,Registro contable servicios transporte - Doc #1086;;;;;;;;;;;;;;;
2025-08-27,5086,236810,ReteICA Actividades de Servicios,NIT,900888777,Cemex Colombia S.A.,Carrera 30 # 10-60,11,11001,0.00,18364.50,Retencion ICA CEMEX 0.477% - Doc #1086;;;;;;;;;;;;;;;
2025-09-24,5087,513550,Servicios de Transporte,NIT,900888778,Cemex Ibagué S.A.,Calle 12 # 5-30,15,15001,2500000.00,0.00,Registro contable servicios transporte - Doc #1087;;;;;;;;;;;;;;;
2025-09-24,5087,236810,ReteICA Actividades de Servicios,NIT,900888778,Cemex Ibagué S.A.,Calle 12 # 5-30,15,15001,0.00,11925.00,Retencion ICA CEMEX IBAGUE 0.477% - Doc #1087;;;;;;;;;;;;;;;
2025-10-22,5088,513550,Servicios de Transporte,NIT,900888779,Cemex Maceo S.A.,Calle 8 # 10-40,15,15759,2250000.00,0.00,Registro contable servicios transporte - Doc #1088;;;;;;;;;;;;;;;
2025-10-22,5088,236810,ReteICA Actividades de Servicios,NIT,900888779,Cemex Maceo S.A.,Calle 8 # 10-40,15,15759,0.00,18000.00,Retencion ICA CEMEX MACEO 0.8% - Doc #1088;;;;;;;;;;;;;;;
2025-11-19,5089,513550,Servicios de Transporte,NIT,900888780,Duitama Transportes S.A.,Carrera 5 # 20-30,15,15001,5100000.00,0.00,Registro contable servicios transporte - Doc #1089;;;;;;;;;;;;;;;
2025-11-19,5089,236810,ReteICA Actividades de Servicios,NIT,900888780,Duitama Transportes S.A.,Carrera 5 # 20-30,15,15001,0.00,311100.00,Retencion ICA DUITAMA 6.1% - Doc #1089;;;;;;;;;;;;;;;
2025-12-17,5090,513550,Servicios de Transporte,NIT,900888111,Alion Transportes S.A.S.,Calle 10 # 5-20,11,11001,1500000.00,0.00,Registro contable servicios transporte - Doc #1090;;;;;;;;;;;;;;;
2025-12-17,5090,236810,ReteICA Actividades de Servicios,NIT,900888111,Alion Transportes S.A.S.,Calle 10 # 5-20,11,11001,0.00,1500.00,Retencion ICA ALION 0.1% - Doc #1090;;;;;;;;;;;;;;;
2025-01-29,5091,513505,Servicios de Aseo y Vigilancia,NIT,900888222,Holcim Colombia S.A.,Carrera 15 # 30-10,5,5001,720000.00,0.00,Registro contable aseo - Doc #1091;;;;;;;;;;;;;;;
2025-01-29,5091,236810,ReteICA Actividades de Servicios,NIT,900888222,Holcim Colombia S.A.,Carrera 15 # 30-10,5,5001,0.00,4320.00,Retencion ICA HOLCIM 0.6% - Doc #1091;;;;;;;;;;;;;;;
2025-02-26,5092,511010,Honorarios Revisoria Fiscal,NIT,900888333,Incauca S.A.,Calle 8 # 12-45,15,15001,610000.00,0.00,Registro contable honorarios - Doc #1092;;;;;;;;;;;;;;;
2025-02-26,5092,236810,ReteICA Actividades de Servicios,NIT,900888333,Incauca S.A.,Calle 8 # 12-45,15,15001,0.00,4880.00,Retencion ICA INCAUCA 0.8% - Doc #1092;;;;;;;;;;;;;;;
2025-03-26,5093,513550,Servicios de Transporte,NIT,900888444,Lactalis Chia Ltda,Av 7 # 18-30,15,15759,3050000.00,0.00,Registro contable servicios transporte - Doc #1093;;;;;;;;;;;;;;;
2025-03-26,5093,236810,ReteICA Actividades de Servicios,NIT,900888444,Lactalis Chia Ltda,Av 7 # 18-30,15,15759,0.00,21350.00,Retencion ICA LACTALIS CHIA 0.7% - Doc #1093;;;;;;;;;;;;;;;
2025-04-23,5094,513550,Servicios de Transporte,NIT,900888555,Lactalis Medellin S.A.S.,Calle 50 # 20-15,5,5001,1750000.00,0.00,Registro contable servicios transporte - Doc #1094;;;;;;;;;;;;;;;
2025-04-23,5094,236810,ReteICA Actividades de Servicios,NIT,900888555,Lactalis Medellin S.A.S.,Calle 50 # 20-15,5,5001,0.00,10500.00,Retencion ICA LACTALIS MED 0.6% - Doc #1094;;;;;;;;;;;;;;;
2025-05-21,5095,513550,Servicios de Transporte,NIT,900888666,Acerías Paz del Rio S.A.,Calle 22 # 8-50,15,15001,2750000.00,0.00,Registro contable servicios transporte - Doc #1095;;;;;;;;;;;;;;;
2025-05-21,5095,236810,ReteICA Actividades de Servicios,NIT,900888666,Acerías Paz del Rio S.A.,Calle 22 # 8-50,15,15001,0.00,16500.00,Retencion ICA ACERÍAS 0.6% - Doc #1095;;;;;;;;;;;;;;;
2025-06-18,5096,513550,Servicios de Transporte,NIT,900888777,Cemex Colombia S.A.,Carrera 30 # 10-60,11,11001,3650000.00,0.00,Registro contable servicios transporte - Doc #1096;;;;;;;;;;;;;;;
2025-06-18,5096,236810,ReteICA Actividades de Servicios,NIT,900888777,Cemex Colombia S.A.,Carrera 30 # 10-60,11,11001,0.00,17410.50,Retencion ICA CEMEX 0.477% - Doc #1096;;;;;;;;;;;;;;;
2025-07-16,5097,513550,Servicios de Transporte,NIT,900888778,Cemex Ibagué S.A.,Calle 12 # 5-30,15,15001,2100000.00,0.00,Registro contable servicios transporte - Doc #1097;;;;;;;;;;;;;;;
2025-07-16,5097,236810,ReteICA Actividades de Servicios,NIT,900888778,Cemex Ibagué S.A.,Calle 12 # 5-30,15,15001,0.00,10017.00,Retencion ICA CEMEX IBAGUE 0.477% - Doc #1097;;;;;;;;;;;;;;;
2025-08-13,5098,513550,Servicios de Transporte,NIT,900888779,Cemex Maceo S.A.,Calle 8 # 10-40,15,15759,1950000.00,0.00,Registro contable servicios transporte - Doc #1098;;;;;;;;;;;;;;;
2025-08-13,5098,236810,ReteICA Actividades de Servicios,NIT,900888779,Cemex Maceo S.A.,Calle 8 # 10-40,15,15759,0.00,15600.00,Retencion ICA CEMEX MACEO 0.8% - Doc #1098;;;;;;;;;;;;;;;
2025-09-10,5099,513550,Servicios de Transporte,NIT,900888780,Duitama Transportes S.A.,Carrera 5 # 20-30,15,15001,4700000.00,0.00,Registro contable servicios transporte - Doc #1099;;;;;;;;;;;;;;;
2025-09-10,5099,236810,ReteICA Actividades de Servicios,NIT,900888780,Duitama Transportes S.A.,Carrera 5 # 20-30,15,15001,0.00,286700.00,Retencion ICA DUITAMA 6.1% - Doc #1099;;;;;;;;;;;;;;;
2025-10-08,5100,513550,Servicios de Transporte,NIT,900888111,Alion Transportes S.A.S.,Calle 10 # 5-20,11,11001,1400000.00,0.00,Registro contable servicios transporte - Doc #1100;;;;;;;;;;;;;;;
2025-10-08,5100,236810,ReteICA Actividades de Servicios,NIT,900888111,Alion Transportes S.A.S.,Calle 10 # 5-20,11,11001,0.00,1400.00,Retencion ICA ALION 0.1% - Doc #1100;;;;;;;;;;;;;;;
2025-11-05,5101,513550,Servicios de Transporte,NIT,900888222,Holcim Colombia S.A.,Carrera 15 # 30-10,5,5001,2300000.00,0.00,Registro contable servicios transporte - Doc #1101;;;;;;;;;;;;;;;
2025-11-05,5101,236810,ReteICA Actividades de Servicios,NIT,900888222,Holcim Colombia S.A.,Carrera 15 # 30-10,5,5001,0.00,13800.00,Retencion ICA HOLCIM 0.6% - Doc #1101;;;;;;;;;;;;;;;
2025-12-03,5102,513550,Servicios de Transporte,NIT,900888333,Incauca S.A.,Calle 8 # 12-45,15,15001,2950000.00,0.00,Registro contable servicios transporte - Doc #1102;;;;;;;;;;;;;;;
2025-12-03,5102,236810,ReteICA Actividades de Servicios,NIT,900888333,Incauca S.A.,Calle 8 # 12-45,15,15001,0.00,23600.00,Retencion ICA INCAUCA 0.8% - Doc #1102;;;;;;;;;;;;;;;
2025-12-31,5103,513550,Servicios de Transporte,NIT,900888444,Lactalis Chia Ltda,Av 7 # 18-30,15,15759,3350000.00,0.00,Registro contable servicios transporte - Doc #1103;;;;;;;;;;;;;;;
2025-12-31,5103,236810,ReteICA Actividades de Servicios,NIT,900888444,Lactalis Chia Ltda,Av 7 # 18-30,15,15759,0.00,23450.00,Retencion ICA LACTALIS CHIA 0.7% - Doc #1103;;;;;;;;;;;;;;;
