Fecha,Asiento,Cuenta,Nombre_Cuenta,Tipo_Doc,NIT_Tercero,Razon_Social,Direccion,Dpto,Municipio,Debito,Credito,Concepto
2025-01-15,1001,512010,Arrendamientos Bienes Inmuebles,CC,7173846,ACUÑA DAZA DELIO,Calle 4 # 12-34,15,15001,1500000.00,0.00,Registro arrendamiento - Doc #1001
2025-01-15,1001,236530,Retencion Arrendamientos 3.5%,CC,7173846,ACUÑA DAZA DELIO,Calle 4 # 12-34,15,15001,0.00,52500.00,Retencion arrendamientos 3.5% - Doc #1001
2025-01-20,1002,512010,Arrendamientos Bienes Inmuebles,NIT,900123456,INMOBILIARIA BOYACA S.A.S.,Calle 18 # 11-05,15,15001,2000000.00,0.00,Registro arrendamiento - Doc #1002
2025-01-20,1002,236530,Retencion Arrendamientos 3.5%,NIT,900123456,INMOBILIARIA BOYACA S.A.S.,Calle 18 # 11-05,15,15001,0.00,70000.00,Retencion arrendamientos 3.5% - Doc #1002
2025-02-01,1003,512010,Arrendamientos Bienes Inmuebles,CC,74373834,ALVAREZ PINZON HERNANDO,Calle 6 # 10-45,15,15001,950000.00,0.00,Registro arrendamiento - Doc #1003
2025-02-01,1003,236530,Retencion Arrendamientos 3.5%,CC,74373834,ALVAREZ PINZON HERNANDO,Calle 6 # 10-45,15,15001,0.00,33250.00,Retencion arrendamientos 3.5% - Doc #1003
2025-02-15,1004,512010,Arrendamientos Bienes Inmuebles,CC,79799502,BECERRA CAMARGO OSCAR JAVIER,Carrera 3 # 5-12,15,15001,1200000.00,0.00,Registro arrendamiento - Doc #1004
2025-02-15,1004,236530,Retencion Arrendamientos 3.5%,CC,79799502,BECERRA CAMARGO OSCAR JAVIER,Carrera 3 # 5-12,15,15001,0.00,42000.00,Retencion arrendamientos 3.5% - Doc #1004
2025-03-01,1005,512010,Arrendamientos Bienes Inmuebles,CC,5462976,BASTO MORA LUIS ALFREDO,Calle 1 # 2-15,15,15001,1100000.00,0.00,Registro arrendamiento - Doc #1005
2025-03-01,1005,236530,Retencion Arrendamientos 3.5%,CC,5462976,BASTO MORA LUIS ALFREDO,Calle 1 # 2-15,15,15001,0.00,38500.00,Retencion arrendamientos 3.5% - Doc #1005
2025-03-15,1006,511005,Honorarios Asesoria Juridica,CC,80408400,ALARCON PLAZAS CARLOS ORLANDO,Carrera 5 # 20-10,15,15001,2500000.00,0.00,Registro honorarios - Doc #1006
2025-03-15,1006,236515,Retencion Honorarios 10%,CC,80408400,ALARCON PLAZAS CARLOS ORLANDO,Carrera 5 # 20-10,15,15001,0.00,250000.00,Retencion honorarios 10% - Doc #1006
2025-03-20,1007,511005,Honorarios Asesoria Juridica,CC,80295165,BARRANTES RIAÑO JOSE FRANCISCO,Calle 8 # 14-20,15,15001,3200000.00,0.00,Registro honorarios - Doc #1007
2025-03-20,1007,236515,Retencion Honorarios 10%,CC,80295165,BARRANTES RIAÑO JOSE FRANCISCO,Calle 8 # 14-20,15,15001,0.00,320000.00,Retencion honorarios 10% - Doc #1007
2025-04-01,1008,511010,Honorarios Revisoria Fiscal,NIT,901241681,ARANGUREN Y ASOCIADOS SAS ZOMAC,Carrera 7 # 12-30,15,15001,1800000.00,0.00,Registro honorarios revisoria - Doc #1008
2025-04-01,1008,236515,Retencion Honorarios 10%,NIT,901241681,ARANGUREN Y ASOCIADOS SAS ZOMAC,Carrera 7 # 12-30,15,15001,0.00,180000.00,Retencion honorarios 10% - Doc #1008
2025-04-10,1009,511005,Honorarios Asesoria Juridica,CC,1052345678,JORGE ELIECER SILVA,Diagonal 5 # 10-15,15,15001,1900000.00,0.00,Registro honorarios - Doc #1009
2025-04-10,1009,236515,Retencion Honorarios 10%,CC,1052345678,JORGE ELIECER SILVA,Diagonal 5 # 10-15,15,15001,0.00,190000.00,Retencion honorarios 10% - Doc #1009
2025-04-20,1010,511010,Honorarios Revisoria Fiscal,CC,46453866,BECERRA DIAZ SONIA LILIANA,Carrera 9 # 12-30,15,15001,2100000.00,0.00,Registro honorarios revisoria - Doc #1010
2025-04-20,1010,236515,Retencion Honorarios 10%,CC,46453866,BECERRA DIAZ SONIA LILIANA,Carrera 9 # 12-30,15,15001,0.00,210000.00,Retencion honorarios 10% - Doc #1010
2025-05-02,1011,513550,Servicios de Transporte,NIT,901406244,ARTAX COLOMBIA SAS,Calle 12 # 5-25,11,11001,2300000.00,0.00,Registro servicios transporte - Doc #1011
2025-05-02,1011,236525,Retencion Servicios 4%,NIT,901406244,ARTAX COLOMBIA SAS,Calle 12 # 5-25,11,11001,0.00,92000.00,Retencion servicios 4% - Doc #1011
2025-05-10,1012,513550,Servicios de Transporte,CC,7178295,AUNTA SUAREZ ARCADIO,Calle 9 # 4-12,15,15001,1550000.00,0.00,Registro servicios transporte - Doc #1012
2025-05-10,1012,236525,Retencion Servicios 4%,CC,7178295,AUNTA SUAREZ ARCADIO,Calle 9 # 4-12,15,15001,0.00,62000.00,Retencion servicios 4% - Doc #1012
2025-05-18,1013,513505,Servicios de Aseo y Vigilancia,CC,7219745,ALONSO BECERRA ALVARO DE JESUS,Diagonal 8 # 15-22,15,15001,850000.00,0.00,Registro aseo - Doc #1013
2025-05-18,1013,236525,Retencion Servicios 4%,CC,7219745,ALONSO BECERRA ALVARO DE JESUS,Diagonal 8 # 15-22,15,15001,0.00,34000.00,Retencion servicios 4% - Doc #1013
2025-05-25,1014,513535,Servicios Mantenimiento y Reparacion,CC,91043340,ARDILA ARDILA ARNULFO,Transversal 2 # 8-10,15,15001,670000.00,0.00,Registro mantenimiento - Doc #1014
2025-05-25,1014,236525,Retencion Servicios 4%,CC,91043340,ARDILA ARDILA ARNULFO,Transversal 2 # 8-10,15,15001,0.00,26800.00,Retencion servicios 4% - Doc #1014
2025-06-01,1015,513550,Servicios de Transporte,NIT,900555444,TRANSPORTES EXPRESS BOYACA LTDA,Av Las Villas # 2-10,15,15759,1800000.00,0.00,Registro servicios transporte - Doc #1015
2025-06-01,1015,236525,Retencion Servicios 4%,NIT,900555444,TRANSPORTES EXPRESS BOYACA LTDA,Av Las Villas # 2-10,15,15759,0.00,72000.00,Retencion servicios 4% - Doc #1015
2025-06-10,1016,513505,Servicios de Aseo y Vigilancia,NIT,830111222,ASEO Y SERVICIOS GENERALES SAS,Calle 22 # 5-30,11,11001,620000.00,0.00,Registro aseo - Doc #1016
2025-06-10,1016,236525,Retencion Servicios 4%,NIT,830111222,ASEO Y SERVICIOS GENERALES SAS,Calle 22 # 5-30,11,11001,0.00,24800.00,Retencion servicios 4% - Doc #1016
2025-06-20,1017,513550,Servicios de Transporte,NIT,901301935,AVANCE MC SAS,Carrera 11 # 6-30,15,15001,2800000.00,0.00,Registro servicios transporte - Doc #1017
2025-06-20,1017,236525,Retencion Servicios 4%,NIT,901301935,AVANCE MC SAS,Carrera 11 # 6-30,15,15001,0.00,112000.00,Retencion servicios 4% - Doc #1017
2025-07-01,1018,513535,Servicios Mantenimiento y Reparacion,NIT,900123456,SISTEMAS Y SOLUCIONES SAS,Carrera 10 # 20-30,15,15001,890000.00,0.00,Registro mantenimiento - Doc #1018
2025-07-01,1018,236525,Retencion Servicios 4%,NIT,900123456,SISTEMAS Y SOLUCIONES SAS,Carrera 10 # 20-30,15,15001,0.00,35600.00,Retencion servicios 4% - Doc #1018
2025-07-15,1019,513550,Servicios de Transporte,NIT,901783159,BECO LOGISTICA SAS,Av 2 # 3-10,15,15001,710000.00,0.00,Registro servicios transporte - Doc #1019
2025-07-15,1019,236525,Retencion Servicios 4%,NIT,901783159,BECO LOGISTICA SAS,Av 2 # 3-10,15,15001,0.00,28400.00,Retencion servicios 4% - Doc #1019
2025-08-01,1020,513550,Servicios de Transporte,NIT,900555444,TRANSPORTES EXPRESS BOYACA LTDA,Av Las Villas # 2-10,15,15759,1800000.00,0.00,Registro servicios 2.5% - Doc #1020
2025-08-01,1020,236505,Retencion Servicios 2.5%,NIT,900555444,TRANSPORTES EXPRESS BOYACA LTDA,Av Las Villas # 2-10,15,15759,0.00,45000.00,Retencion servicios 2.5% - Doc #1020
2025-08-15,1021,513550,Servicios de Transporte,NIT,900555444,TRANSPORTES EXPRESS BOYACA LTDA,Av Las Villas # 2-10,15,15759,2000000.00,0.00,Registro servicios 2.5% - Doc #1021
2025-08-15,1021,236505,Retencion Servicios 2.5%,NIT,900555444,TRANSPORTES EXPRESS BOYACA LTDA,Av Las Villas # 2-10,15,15759,0.00,50000.00,Retencion servicios 2.5% - Doc #1021
2025-09-01,1022,513550,Servicios de Transporte,CC,74382319,BECERRA JIMENEZ EDWIN GONZALO,Calle 14 # 6-22,15,15001,2050000.00,0.00,Registro servicios transporte - Doc #1022
2025-09-01,1022,236525,Retencion Servicios 4%,CC,74382319,BECERRA JIMENEZ EDWIN GONZALO,Calle 14 # 6-22,15,15001,0.00,82000.00,Retencion servicios 4% - Doc #1022
2025-09-10,1023,513550,Servicios de Transporte,NIT,7223870,BECERRA LOPEZ MILTON LEONEL,Calle 3 # 10-20,15,15001,2250000.00,0.00,Registro servicios transporte - Doc #1023
2025-09-10,1023,236525,Retencion Servicios 4%,NIT,7223870,BECERRA LOPEZ MILTON LEONEL,Calle 3 # 10-20,15,15001,0.00,90000.00,Retencion servicios 4% - Doc #1023
2025-09-20,1024,513550,Servicios de Transporte,NIT,74300204,CAMARGO GOMEZ GUILLERMO,Calle 12 # 5-20,15,15001,2400000.00,0.00,Registro servicios transporte - Doc #1024
2025-09-20,1024,236525,Retencion Servicios 4%,NIT,74300204,CAMARGO GOMEZ GUILLERMO,Calle 12 # 5-20,15,15001,0.00,96000.00,Retencion servicios 4% - Doc #1024
2025-10-01,1025,513550,Servicios de Transporte,NIT,11410434,CARRILLO HERNANDEZ OMAR ALFONSO,Calle 5 # 10-20,15,15001,2100000.00,0.00,Registro servicios transporte - Doc #1025
2025-10-01,1025,236525,Retencion Servicios 4%,NIT,11410434,CARRILLO HERNANDEZ OMAR ALFONSO,Calle 5 # 10-20,15,15001,0.00,84000.00,Retencion servicios 4% - Doc #1025
2025-10-15,1026,513550,Servicios de Transporte,NIT,900555444,TRANSPORTES EXPRESS BOYACA LTDA,Av Las Villas # 2-10,15,15759,2500000.00,0.00,Registro servicios transporte 1% - Doc #1026
2025-10-15,1026,236525,Retencion Servicios 4%,NIT,900555444,TRANSPORTES EXPRESS BOYACA LTDA,Av Las Villas # 2-10,15,15759,0.00,100000.00,Retencion servicios 4% - Doc #1026
2025-11-01,1027,513550,Servicios de Transporte,NIT,900555444,TRANSPORTES EXPRESS BOYACA LTDA,Av Las Villas # 2-10,15,15759,1500000.00,0.00,Registro servicios transporte 1% - Doc #1027
2025-11-01,1027,236525,Retencion Servicios 4%,NIT,900555444,TRANSPORTES EXPRESS BOYACA LTDA,Av Las Villas # 2-10,15,15759,0.00,60000.00,Retencion servicios 4% - Doc #1027
2025-11-15,1028,513550,Servicios de Transporte,NIT,901406244,ARTAX COLOMBIA SAS,Calle 12 # 5-25,11,11001,1750000.00,0.00,Registro servicios transporte 1% - Doc #1028
2025-11-15,1028,236525,Retencion Servicios 4%,NIT,901406244,ARTAX COLOMBIA SAS,Calle 12 # 5-25,11,11001,0.00,70000.00,Retencion servicios 4% - Doc #1028
2025-01-12,1083,236535,ReteIVA Servicios 15%,NIT,900555666,SERVICIOS INTEGRALES COLOMBIA,Calle 50 # 14-22,11,11001,0.00,82500.00,Retencion IVA servicios 15% - Doc #1083
2025-02-18,1084,236536,ReteIVA Bienes 15%,NIT,900555666,SERVICIOS INTEGRALES COLOMBIA,Calle 50 # 14-22,11,11001,0.00,112500.00,Retencion IVA bienes 15% - Doc #1084
2025-03-10,1085,236537,ReteIVA Honorarios 15%,NIT,901999888,COMERCIALIZADORA DEL NORTE,Cra 5 # 10-10,68,68001,0.00,45000.00,Retencion IVA honorarios 15% - Doc #1085
2025-07-25,1089,236535,ReteIVA Servicios 15%,NIT,901345678,INMOBILIARIA BOYACA SAS,Calle 18 # 11-05,15,15001,0.00,22500.00,Retencion IVA servicios - Doc #1089
2025-08-30,1090,236536,ReteIVA Bienes 15%,NIT,800987654,INSUMOS INDUSTRIALES LTDA,Av Central # 5-12,11,11001,0.00,36000.00,Retencion IVA bienes - Doc #1090
2025-04-14,1086,236805,ReteICA Actividades Comerciales,NIT,900123456,SISTEMAS Y SOLUCIONES SAS,Carrera 10 # 20-30,15,15001,0.00,8250.00,Retencion ICA comercial 0.33% - Doc #1086
2025-05-20,1087,236807,ReteICA Actividades Industriales,NIT,901999888,COMERCIALIZADORA DEL NORTE,Cra 5 # 10-10,68,68001,0.00,16500.00,Retencion ICA industrial 0.33% - Doc #1087
2025-06-15,1088,236806,ReteICA Actividades de Servicios,NIT,860002130,SEGUROS DEL ESTADO SA,Carrera 7 # 26-20,11,11001,0.00,11220.00,Retencion ICA servicios 0.33% - Doc #1088
2025-01-15,1001,513550,Servicios de Transporte,NIT,900888111,ALION TRANSPORTES SAS,Calle 10 # 5-20,11,11001,2150000.00,0.00,Registro servicios transporte - Doc #1001
2025-01-15,1001,236810,ReteICA Actividades de Servicios,NIT,900888111,ALION TRANSPORTES SAS,Calle 10 # 5-20,11,11001,0.00,2150.00,Retencion ICA ALION 0.1% - Doc #1001
2025-01-20,1002,513550,Servicios de Transporte,NIT,900888222,HOLCIM COLOMBIA SA,Carrera 15 # 30-10,5,5001,1800000.00,0.00,Registro servicios transporte - Doc #1002
2025-01-20,1002,236811,ReteICA Actividades de Servicios,NIT,900888222,HOLCIM COLOMBIA SA,Carrera 15 # 30-10,5,5001,0.00,10800.00,Retencion ICA HOLCIM 0.6% - Doc #1002
2025-01-25,1003,513550,Servicios de Transporte,NIT,900888333,INCAUCA SA,Calle 8 # 12-45,15,15001,2500000.00,0.00,Registro servicios transporte - Doc #1003
2025-01-25,1003,236812,ReteICA Actividades de Servicios,NIT,900888333,INCAUCA SA,Calle 8 # 12-45,15,15001,0.00,20000.00,Retencion ICA INCAUCA 0.8% - Doc #1003
2025-01-30,1004,513550,Servicios de Transporte,NIT,900888444,LACTALIS CHIA LTDA,Av 7 # 18-30,15,15759,3200000.00,0.00,Registro servicios transporte - Doc #1004
2025-01-30,1004,236813,ReteICA Actividades de Servicios,NIT,900888444,LACTALIS CHIA LTDA,Av 7 # 18-30,15,15759,0.00,22400.00,Retencion ICA LACTALIS CHIA 0.7% - Doc #1004
2025-02-05,1005,513550,Servicios de Transporte,NIT,900888555,LACTALIS MEDELLIN SAS,Calle 50 # 20-15,5,5001,1450000.00,0.00,Registro servicios transporte - Doc #1005
2025-02-05,1005,236814,ReteICA Actividades de Servicios,NIT,900888555,LACTALIS MEDELLIN SAS,Calle 50 # 20-15,5,5001,0.00,8700.00,Retencion ICA LACTALIS MED 0.6% - Doc #1005
2025-02-10,1006,513550,Servicios de Transporte,NIT,900888666,ACERIAS PAZ DEL RIO SA,Calle 22 # 8-50,15,15001,2750000.00,0.00,Registro servicios transporte - Doc #1006
2025-02-10,1006,236815,ReteICA Actividades de Servicios,NIT,900888666,ACERIAS PAZ DEL RIO SA,Calle 22 # 8-50,15,15001,0.00,16500.00,Retencion ICA ACERIAS 0.6% - Doc #1006
2025-02-15,1007,513550,Servicios de Transporte,NIT,900888777,CEMEX COLOMBIA SA,Carrera 30 # 10-60,11,11001,3500000.00,0.00,Registro servicios transporte - Doc #1007
2025-02-15,1007,236816,ReteICA Actividades de Servicios,NIT,900888777,CEMEX COLOMBIA SA,Carrera 30 # 10-60,11,11001,0.00,16695.00,Retencion ICA CEMEX 0.477% - Doc #1007
2025-02-20,1008,513550,Servicios de Transporte,NIT,900888778,CEMEX IBAGUE SA,Calle 12 # 5-30,15,15001,2100000.00,0.00,Registro servicios transporte - Doc #1008
2025-02-20,1008,236817,ReteICA Actividades de Servicios,NIT,900888778,CEMEX IBAGUE SA,Calle 12 # 5-30,15,15001,0.00,10017.00,Retencion ICA CEMEX IBAGUE 0.477% - Doc #1008
2025-02-25,1009,513550,Servicios de Transporte,NIT,900888779,CEMEX MACEO SA,Calle 8 # 10-40,15,15759,1800000.00,0.00,Registro servicios transporte - Doc #1009
2025-02-25,1009,236818,ReteICA Actividades de Servicios,NIT,900888779,CEMEX MACEO SA,Calle 8 # 10-40,15,15759,0.00,14400.00,Retencion ICA CEMEX MACEO 0.8% - Doc #1009
2025-03-02,1010,513550,Servicios de Transporte,NIT,900888780,DUITAMA TRANSPORTES SA,Carrera 5 # 20-30,15,15001,4200000.00,0.00,Registro servicios transporte - Doc #1010
2025-03-02,1010,236819,ReteICA Actividades de Servicios,NIT,900888780,DUITAMA TRANSPORTES SA,Carrera 5 # 20-30,15,15001,0.00,256200.00,Retencion ICA DUITAMA 6.1% - Doc #1010
2025-03-15,1101,513550,Servicios de Transporte,NIT,900777111,PROVEEDOR MENOR CUANTIA SAS,Calle 1 # 1-01,15,15001,50000.00,0.00,Servicio bajo tope - Doc #1101
2025-03-15,1101,236525,Retencion Servicios 4%,NIT,900777111,PROVEEDOR MENOR CUANTIA SAS,Calle 1 # 1-01,15,15001,0.00,2000.00,Retencion servicios 4% - Doc #1101
2025-03-20,1102,513550,Servicios de Transporte,NIT,900777112,PROVEEDOR MICRO SAS,Calle 2 # 2-02,15,15001,80000.00,0.00,Servicio bajo tope - Doc #1102
2025-03-20,1102,236525,Retencion Servicios 4%,NIT,900777112,PROVEEDOR MICRO SAS,Calle 2 # 2-02,15,15001,0.00,3200.00,Retencion servicios 4% - Doc #1102
2025-04-01,1103,513550,Servicios de Transporte,NIT,900666001,DECIMALES SAS,Calle 3 # 3-03,15,15001,1234567.89,0.00,Servicio con decimales - Doc #1103
2025-04-01,1103,236525,Retencion Servicios 4%,NIT,900666001,DECIMALES SAS,Calle 3 # 3-03,15,15001,0.00,49382.72,Retencion servicios 4% - Doc #1103
2025-04-10,1104,513550,Servicios de Transporte,NIT,900666002,DECIMALES DOS SAS,Calle 4 # 4-04,15,15001,987654.32,0.00,Servicio con decimales - Doc #1104
2025-04-10,1104,236525,Retencion Servicios 4%,NIT,900666002,DECIMALES DOS SAS,Calle 4 # 4-04,15,15001,0.00,39506.17,Retencion servicios 4% - Doc #1104
2025-01-10,1201,413505,Venta de Mercancias / Productos,NIT,900123456,SISTEMAS Y SOLUCIONES SAS,Carrera 10 # 20-30,15,15001,0.00,1500000.00,Registro venta - Doc #1201
2025-01-10,1201,130505,Clientes Nacionales,NIT,900123456,SISTEMAS Y SOLUCIONES SAS,Carrera 10 # 20-30,15,15001,1500000.00,0.00,Registro cliente - Doc #1201
2025-02-14,1202,421005,Ingresos Financieros Intereses,NIT,830111222,ASEO Y SERVICIOS GENERALES SAS,Calle 22 # 5-30,11,11001,0.00,280000.00,Registro ingresos financieros - Doc #1202
2025-02-14,1202,130505,Clientes Nacionales,NIT,830111222,ASEO Y SERVICIOS GENERALES SAS,Calle 22 # 5-30,11,11001,280000.00,0.00,Registro cliente - Doc #1202
2025-07-10,1203,413505,Venta de Mercancias / Productos,CC,1049222333,CARLOS PEREZ RUIZ,Calle 12 # 4-50,15,15001,0.00,2200000.00,Registro venta - Doc #1203
2025-07-10,1203,130505,Clientes Nacionales,CC,1049222333,CARLOS PEREZ RUIZ,Calle 12 # 4-50,15,15001,2200000.00,0.00,Registro cliente - Doc #1203
2025-08-22,1204,421005,Ingresos Financieros Intereses,NIT,800987654,INSUMOS INDUSTRIALES LTDA,Av Central # 5-12,11,11001,0.00,210000.00,Registro ingresos financieros - Doc #1204
2025-08-22,1204,130505,Clientes Nacionales,NIT,800987654,INSUMOS INDUSTRIALES LTDA,Av Central # 5-12,11,11001,210000.00,0.00,Registro cliente - Doc #1204